-- MySQL dump 10.13  Distrib 5.1.73, for redhat-linux-gnu (x86_64)
--
-- Host: localhost    Database: aud
-- ------------------------------------------------------
-- Server version	5.1.73

/*!40101 SET @OLD_CHARACTER_SET_CLIENT=@@CHARACTER_SET_CLIENT */;
/*!40101 SET @OLD_CHARACTER_SET_RESULTS=@@CHARACTER_SET_RESULTS */;
/*!40101 SET @OLD_COLLATION_CONNECTION=@@COLLATION_CONNECTION */;
/*!40101 SET NAMES utf8 */;
/*!40103 SET @OLD_TIME_ZONE=@@TIME_ZONE */;
/*!40103 SET TIME_ZONE='+00:00' */;
/*!40014 SET @OLD_UNIQUE_CHECKS=@@UNIQUE_CHECKS, UNIQUE_CHECKS=0 */;
/*!40014 SET @OLD_FOREIGN_KEY_CHECKS=@@FOREIGN_KEY_CHECKS, FOREIGN_KEY_CHECKS=0 */;
/*!40101 SET @OLD_SQL_MODE=@@SQL_MODE, SQL_MODE='NO_AUTO_VALUE_ON_ZERO' */;
/*!40111 SET @OLD_SQL_NOTES=@@SQL_NOTES, SQL_NOTES=0 */;

--
-- Table structure for table `User_ac_log`
--

DROP TABLE IF EXISTS `User_ac_log`;
/*!40101 SET @saved_cs_client     = @@character_set_client */;
/*!40101 SET character_set_client = utf8 */;
CREATE TABLE `User_ac_log` (
  `id` int(11) NOT NULL AUTO_INCREMENT,
  `uid` varchar(20) DEFAULT NULL,
  `account` varchar(20) DEFAULT NULL,
  `ip` varchar(40) DEFAULT NULL,
  `create_time` datetime NOT NULL,
  `action` varchar(40) DEFAULT NULL,
  `result` varchar(100) DEFAULT NULL,
  PRIMARY KEY (`id`)
) ENGINE=MyISAM AUTO_INCREMENT=336 DEFAULT CHARSET=utf8;
/*!40101 SET character_set_client = @saved_cs_client */;

--
-- Dumping data for table `User_ac_log`
--

LOCK TABLES `User_ac_log` WRITE;
/*!40000 ALTER TABLE `User_ac_log` DISABLE KEYS */;
INSERT INTO `User_ac_log` VALUES (1,'1823','manbo.xu','192.168.66.93','2016-06-07 12:43:26','login','True'),(2,'1823','manbo.xu','192.168.66.93','2016-06-07 13:35:06','login','True'),(3,'1823','manbo.xu','192.168.66.66','2016-06-07 13:51:00','login','True'),(4,'1823','manbo.xu','192.168.66.93','2016-06-07 14:34:02','login','True'),(5,'1823','manbo.xu','192.168.66.66','2016-06-07 15:28:50','login','True'),(6,'1823','manbo.xu','192.168.66.66','2016-06-07 15:29:46','editrole','1823'),(7,'1823','manbo.xu','192.168.66.66','2016-06-07 15:30:03','editrole','1823'),(8,'1823','manbo.xu','192.168.66.66','2016-06-07 15:30:21','editrole','1984'),(9,'1823','manbo.xu','192.168.66.66','2016-06-07 15:32:42','adddeploy','UOI-didi_admin-20160607153241'),(10,'1823','manbo.xu','192.168.66.66','2016-06-07 15:33:10','approve_success','UOI-didi_admin-20160607153241'),(11,'1823','manbo.xu','192.168.66.66','2016-06-07 15:33:10','dodeploy','UOI-didi_admin-20160607153241'),(12,'1823','manbo.xu','192.168.66.66','2016-06-07 15:40:52','adddeploy','UOI-didi_data-20160607154051'),(13,'1823','manbo.xu','192.168.66.66','2016-06-07 15:41:13','approve_success','UOI-didi_data-20160607154051'),(14,'1823','manbo.xu','192.168.66.66','2016-06-07 15:41:13','dodeploy','UOI-didi_data-20160607154051'),(15,'1984','shunzhi.zhou','192.168.66.80','2016-06-07 16:03:09','login','True'),(16,'1984','shunzhi.zhou','192.168.66.80','2016-06-07 16:06:37','logout','True'),(17,'1984','shunzhi.zhou','192.168.66.80','2016-06-07 16:06:40','login','True'),(18,'1984','shunzhi.zhou','192.168.66.80','2016-06-07 16:10:34','adddeploy','UOA-didi_data-20160607161034'),(19,'1984','shunzhi.zhou','192.168.66.80','2016-06-07 16:10:38','approve_success','UOA-didi_data-20160607161034'),(20,'1984','shunzhi.zhou','192.168.66.80','2016-06-07 16:10:40','dodeploy','UOA-didi_data-20160607161034'),(21,'1823','manbo.xu','192.168.66.66','2016-06-07 16:22:56','editapp','didi_admin'),(22,'1002','huan.xia','192.168.66.34','2016-06-07 17:09:12','login','True'),(23,'1823','manbo.xu','192.168.66.66','2016-06-08 17:02:08','login','True'),(24,'1823','manbo.xu','192.168.66.66','2016-06-08 17:03:36','editserver','金融业务'),(25,'1823','manbo.xu','192.168.66.66','2016-06-08 17:04:18','editserver','配资业务'),(26,'1823','manbo.xu','192.168.66.66','2016-06-08 17:12:23','editserver','配资业务(合并到金融业务)'),(27,'1823','manbo.xu','192.168.66.66','2016-06-08 17:14:35','editserver','配资业务'),(28,'1823','manbo.xu','192.168.66.66','2016-06-08 17:15:02','editapp','peizi_admin'),(29,'1823','manbo.xu','192.168.66.66','2016-06-08 17:16:12','editserver','172.16.168.5'),(30,'1823','manbo.xu','192.168.66.66','2016-06-08 17:17:04','editserver','172.16.168.6'),(31,'1823','manbo.xu','192.168.66.66','2016-06-08 17:17:21','editserver','172.16.168.7'),(32,'1823','manbo.xu','192.168.66.66','2016-06-08 17:17:30','editserver','172.16.168.8'),(33,'1823','manbo.xu','192.168.66.66','2016-06-08 17:24:38','adddeploy','UOI-peizi_admin-20160608172438'),(34,'1823','manbo.xu','192.168.66.66','2016-06-08 17:25:15','approve_success','UOI-peizi_admin-20160608172438'),(35,'1823','manbo.xu','192.168.66.66','2016-06-08 17:25:16','dodeploy','UOI-peizi_admin-20160608172438'),(36,'1823','manbo.xu','192.168.66.66','2016-06-08 17:33:41','adddeploy','UOI-peizi_admin-20160608173340'),(37,'1823','manbo.xu','192.168.66.66','2016-06-08 17:34:24','approve_success','UOI-peizi_admin-20160608173340'),(38,'1823','manbo.xu','192.168.66.66','2016-06-08 17:34:26','dodeploy','UOI-peizi_admin-20160608173340'),(39,'1823','manbo.xu','192.168.66.66','2016-06-08 18:04:44','adddeploy','UOI-peizi_admin-20160608180443'),(40,'1823','manbo.xu','192.168.66.66','2016-06-08 18:05:11','approve_success','UOI-peizi_admin-20160608180443'),(41,'1823','manbo.xu','192.168.66.66','2016-06-08 18:05:13','dodeploy','UOI-peizi_admin-20160608180443'),(42,'1823','manbo.xu','192.168.66.66','2016-06-08 18:06:26','adddeploy','UOI-peizi_admin-20160608180626'),(43,'1823','manbo.xu','192.168.66.66','2016-06-08 18:06:34','approve_success','UOI-peizi_admin-20160608180626'),(44,'1823','manbo.xu','192.168.66.66','2016-06-08 18:06:35','dodeploy','UOI-peizi_admin-20160608180626'),(45,'1823','manbo.xu','192.168.66.66','2016-06-10 19:37:40','login','True'),(46,'1823','manbo.xu','192.168.66.66','2016-06-10 19:41:43','adddeploy','UOI-peizi_admin-20160610194143'),(47,'1823','manbo.xu','192.168.66.66','2016-06-10 19:41:51','approve_success','UOI-peizi_admin-20160610194143'),(48,'1823','manbo.xu','192.168.66.66','2016-06-12 09:41:25','login','True'),(49,'1823','manbo.xu','192.168.66.66','2016-06-12 09:52:08','dodeploy','UOI-peizi_admin-20160610194143'),(50,'1823','manbo.xu','192.168.66.66','2016-06-12 09:53:27','adddeploy','UOI-peizi_admin-20160612095326'),(51,'1823','manbo.xu','192.168.66.66','2016-06-12 09:53:35','approve_success','UOI-peizi_admin-20160612095326'),(52,'1823','manbo.xu','192.168.66.66','2016-06-12 09:53:37','dodeploy','UOI-peizi_admin-20160612095326'),(53,'1823','manbo.xu','192.168.66.66','2016-06-12 10:14:20','adddeploy','UOI-peizi_admin-20160612101419'),(54,'1823','manbo.xu','192.168.66.66','2016-06-12 10:14:26','approve_success','UOI-peizi_admin-20160612101419'),(55,'1823','manbo.xu','192.168.66.66','2016-06-12 10:14:27','dodeploy','UOI-peizi_admin-20160612101419'),(56,'1823','manbo.xu','192.168.66.66','2016-06-12 10:15:56','editapp','peizi_admin'),(57,'1823','manbo.xu','192.168.66.66','2016-06-12 10:16:16','adddeploy','UOI-peizi_admin-20160612101615'),(58,'1823','manbo.xu','192.168.66.66','2016-06-12 10:16:22','approve_success','UOI-peizi_admin-20160612101615'),(59,'1823','manbo.xu','192.168.66.66','2016-06-12 10:16:23','dodeploy','UOI-peizi_admin-20160612101615'),(60,'1823','manbo.xu','192.168.66.66','2016-06-12 10:19:23','adddeploy','UOI-peizi_admin-20160612101923'),(61,'1823','manbo.xu','192.168.66.66','2016-06-12 10:19:28','approve_success','UOI-peizi_admin-20160612101923'),(62,'1823','manbo.xu','192.168.66.66','2016-06-12 10:19:29','dodeploy','UOI-peizi_admin-20160612101923'),(63,'1823','manbo.xu','192.168.66.66','2016-06-12 11:21:19','editapp','didi_provider_client'),(64,'1823','manbo.xu','192.168.66.66','2016-06-12 11:25:11','editserver','10.22.18.6'),(65,'1823','manbo.xu','192.168.66.66','2016-06-12 13:45:52','login','True'),(66,'1823','manbo.xu','192.168.66.66','2016-06-12 13:47:13','adddeploy','UOA-peizi_admin-20160612134713'),(67,'1823','manbo.xu','192.168.66.66','2016-06-12 13:47:17','approve_success','UOA-peizi_admin-20160612134713'),(68,'1823','manbo.xu','192.168.66.66','2016-06-12 13:47:19','dodeploy','UOA-peizi_admin-20160612134713'),(69,'1823','manbo.xu','192.168.66.66','2016-06-12 13:49:21','rollback','ROA-peizi_admin-20160612134713'),(70,'1823','manbo.xu','192.168.66.66','2016-06-12 13:59:14','tomcat_task','peizi_admin-172.16.168.5'),(71,'1823','manbo.xu','192.168.66.66','2016-06-12 14:01:52','tomcat_task','peizi_admin-172.16.168.5'),(72,'1823','manbo.xu','192.168.66.66','2016-06-12 14:02:02','tomcat_task','peizi_admin-172.16.168.5'),(73,'1823','manbo.xu','192.168.66.66','2016-06-12 14:02:19','tomcat_task','peizi_admin-172.16.168.6'),(74,'1823','manbo.xu','192.168.66.66','2016-06-12 14:03:17','tomcat_task','peizi_admin-172.16.168.5'),(75,'1823','manbo.xu','192.168.66.66','2016-06-12 14:03:38','tomcat_task','peizi_admin-172.16.168.6'),(76,'1823','manbo.xu','192.168.66.66','2016-06-12 14:12:33','editserver','172.16.168.5'),(77,'1823','manbo.xu','192.168.66.66','2016-06-12 14:12:43','editserver','172.16.168.6'),(78,'1823','manbo.xu','192.168.66.66','2016-06-12 14:12:54','editserver','172.16.168.7'),(79,'1823','manbo.xu','192.168.66.66','2016-06-12 14:13:02','editserver','172.16.168.8'),(80,'1823','manbo.xu','192.168.66.66','2016-06-12 14:13:25','editapp','peizi_admin'),(81,'1823','manbo.xu','192.168.66.66','2016-06-12 14:13:56','editserver','172.16.168.5'),(82,'1823','manbo.xu','192.168.66.66','2016-06-12 14:14:06','editserver','172.16.168.6'),(83,'1823','manbo.xu','192.168.66.66','2016-06-12 14:14:14','editserver','172.16.168.7'),(84,'1823','manbo.xu','192.168.66.66','2016-06-12 14:14:24','editserver','172.16.168.8'),(85,'1823','manbo.xu','192.168.66.66','2016-06-12 14:20:56','tomcat_task','peizi_admin-172.16.168.5'),(86,'1823','manbo.xu','192.168.66.66','2016-06-12 14:21:30','tomcat_task','peizi_admin-172.16.168.6'),(87,'1823','manbo.xu','192.168.66.66','2016-06-12 14:22:55','tomcat_task','peizi_admin-172.16.168.5'),(88,'1823','manbo.xu','192.168.66.66','2016-06-12 14:23:25','tomcat_task','peizi_admin-172.16.168.6'),(89,'1823','manbo.xu','192.168.66.66','2016-06-12 14:30:18','tomcat_task','peizi_admin-172.16.168.5'),(90,'1823','manbo.xu','192.168.66.66','2016-06-12 14:30:24','tomcat_task','peizi_admin-172.16.168.5'),(91,'1823','manbo.xu','192.168.66.66','2016-06-12 14:30:43','tomcat_task','peizi_admin-172.16.168.6'),(92,'1823','manbo.xu','192.168.66.66','2016-06-12 14:31:30','tomcat_task','peizi_admin-172.16.168.6'),(93,'1823','manbo.xu','192.168.66.66','2016-06-12 14:33:10','editapp','peizi_admin'),(94,'1823','manbo.xu','192.168.66.66','2016-06-12 14:33:26','tomcat_task','peizi_admin-172.16.168.5'),(95,'1823','manbo.xu','192.168.66.66','2016-06-12 14:33:33','tomcat_task','peizi_admin-172.16.168.5'),(96,'1823','manbo.xu','192.168.66.66','2016-06-12 14:33:54','tomcat_task','peizi_admin-172.16.168.6'),(97,'1823','manbo.xu','192.168.66.66','2016-06-12 14:51:31','editapp','cms_amdin'),(98,'1984','shunzhi.zhou','192.168.66.80','2016-06-12 14:57:31','login','True'),(99,'1823','manbo.xu','192.168.66.66','2016-06-12 15:04:36','editapp','cms_web'),(100,'1984','shunzhi.zhou','192.168.66.80','2016-06-12 15:08:19','editserver','10.22.12.7'),(101,'1984','shunzhi.zhou','192.168.66.80','2016-06-12 15:15:33','adddeploy','UOA-didi_service-20160612151533'),(102,'1984','shunzhi.zhou','192.168.66.80','2016-06-12 15:15:38','approve_success','UOA-didi_service-20160612151533'),(103,'1984','shunzhi.zhou','192.168.66.80','2016-06-12 15:15:48','dodeploy','UOA-didi_service-20160612151533'),(104,'1823','manbo.xu','192.168.66.66','2016-06-13 10:07:57','login','True'),(105,'1984','shunzhi.zhou','192.168.66.80','2016-06-13 11:24:06','tomcat_task','cms_server-172.16.168.8'),(106,'1984','shunzhi.zhou','192.168.66.80','2016-06-13 11:24:30','tomcat_task','cms_web-172.16.168.8'),(107,'1823','manbo.xu','192.168.66.66','2016-06-13 11:37:26','login','True'),(108,'1823','manbo.xu','192.168.66.66','2016-06-13 12:46:25','login','True'),(109,'1000','xuki.xu','192.168.66.13','2016-06-13 16:55:27','login','True'),(110,'1823','manbo.xu','192.168.66.66','2016-06-13 19:46:32','login','True'),(111,'1823','manbo.xu','192.168.66.66','2016-06-13 19:49:11','editrole','1070'),(112,'1823','manbo.xu','192.168.66.66','2016-06-13 19:49:20','editrole','1091'),(113,'1823','manbo.xu','192.168.66.66','2016-06-14 09:53:26','login','True'),(114,'1823','manbo.xu','192.168.66.66','2016-06-14 09:59:10','ldapsync','True'),(115,'1823','manbo.xu','192.168.66.66','2016-06-14 10:09:12','logout','True'),(116,'1823','manbo.xu','192.168.66.66','2016-06-14 10:09:13','login','True'),(117,'1823','manbo.xu','192.168.66.66','2016-06-14 10:16:15','logout','True'),(118,'1823','manbo.xu','192.168.66.66','2016-06-14 10:16:17','login','True'),(119,'1823','manbo.xu','192.168.66.66','2016-06-14 10:34:57','login','True'),(120,'1823','manbo.xu','192.168.66.66','2016-06-14 10:42:54','ldapsync','True'),(121,'1823','manbo.xu','192.168.66.66','2016-06-14 10:44:24','editrole','1043'),(122,'1641','haohao.chen','192.168.67.32','2016-06-14 10:47:35','login','True'),(123,'1641','haohao.chen','192.168.67.32','2016-06-14 10:52:19','logout','True'),(124,'1641','haohao.chen','192.168.67.32','2016-06-14 10:52:21','login','True'),(125,'1641','haohao.chen','192.168.67.32','2016-06-14 10:53:38','login','True'),(126,'1823','manbo.xu','192.168.66.66','2016-06-14 11:02:02','logout','True'),(127,'1823','manbo.xu','192.168.66.66','2016-06-14 11:02:04','login','True'),(128,'1823','manbo.xu','192.168.66.66','2016-06-14 11:04:22','logout','True'),(129,'1823','manbo.xu','192.168.66.66','2016-06-14 11:04:23','login','True'),(130,'1823','manbo.xu','192.168.66.66','2016-06-14 11:04:59','login','True'),(131,'1823','manbo.xu','192.168.66.66','2016-06-14 11:05:16','logout','True'),(132,'1823','manbo.xu','192.168.66.66','2016-06-14 11:06:57','logout','True'),(133,'1823','manbo.xu','192.168.66.66','2016-06-14 11:06:58','login','True'),(134,'1823','manbo.xu','192.168.66.66','2016-06-14 11:10:36','editrole','1823'),(135,'1823','manbo.xu','192.168.66.66','2016-06-14 11:17:15','logout','True'),(136,'1823','manbo.xu','192.168.66.66','2016-06-14 11:17:16','login','True'),(137,'1823','manbo.xu','192.168.66.66','2016-06-14 11:18:27','login','True'),(138,'1823','manbo.xu','192.168.66.66','2016-06-14 11:49:35','ldapsync','True'),(139,'1823','manbo.xu','192.168.66.66','2016-06-14 11:50:17','logout','True'),(140,'1823','manbo.xu','192.168.66.66','2016-06-14 11:50:18','login','True'),(141,'1823','manbo.xu','192.168.66.66','2016-06-14 12:09:29','editserver','10.22.12.6'),(142,'1823','manbo.xu','192.168.66.66','2016-06-14 12:10:16','login','True'),(143,'1823','manbo.xu','192.168.66.66','2016-06-14 12:11:45','editrole','1043'),(144,'1823','manbo.xu','192.168.66.66','2016-06-14 12:11:54','editrole','1070'),(145,'1823','manbo.xu','192.168.66.66','2016-06-14 12:12:10','editrole','1060'),(146,'1823','manbo.xu','192.168.66.66','2016-06-14 13:35:44','login','True'),(147,'1823','manbo.xu','192.168.66.66','2016-06-14 13:37:35','logout','True'),(148,'1823','manbo.xu','192.168.66.66','2016-06-14 13:37:36','login','True'),(149,'1823','manbo.xu','192.168.66.66','2016-06-14 13:45:13','editrole','1823'),(150,'1823','manbo.xu','192.168.66.66','2016-06-14 13:45:46','adddeploy','UOI-hkstock_admin-20160614134545'),(151,'1823','manbo.xu','192.168.66.66','2016-06-14 13:45:54','approve_success','UOI-hkstock_admin-20160614134545'),(152,'1823','manbo.xu','192.168.66.66','2016-06-14 13:45:54','dodeploy','UOI-hkstock_admin-20160614134545'),(153,'1823','manbo.xu','192.168.66.66','2016-06-14 13:47:21','adddeploy','UOI-hkstock_admin-20160614134720'),(154,'1823','manbo.xu','192.168.66.66','2016-06-14 13:47:27','approve_success','UOI-hkstock_admin-20160614134720'),(155,'1823','manbo.xu','192.168.66.66','2016-06-14 13:47:27','dodeploy','UOI-hkstock_admin-20160614134720'),(156,'1823','manbo.xu','192.168.66.66','2016-06-14 13:48:12','rollback','ROI-hkstock_admin-20160614134720'),(157,'1641','haohao.chen','192.168.67.32','2016-06-14 13:55:28','login','True'),(158,'1641','haohao.chen','192.168.67.32','2016-06-14 13:55:28','logout','True'),(159,'1641','haohao.chen','192.168.67.32','2016-06-14 13:55:31','login','True'),(160,'1641','haohao.chen','192.168.67.32','2016-06-14 13:55:31','logout','True'),(161,'1641','haohao.chen','192.168.67.32','2016-06-14 13:55:41','login','True'),(162,'1641','haohao.chen','192.168.67.32','2016-06-14 13:55:41','logout','True'),(163,'1641','haohao.chen','192.168.67.32','2016-06-14 13:55:51','login','True'),(164,'1641','haohao.chen','192.168.67.32','2016-06-14 13:59:26','login','True'),(165,'1823','manbo.xu','192.168.66.66','2016-06-14 14:10:46','logout','True'),(166,'1823','manbo.xu','192.168.66.66','2016-06-14 14:10:47','login','True'),(167,'1823','manbo.xu','192.168.66.66','2016-06-14 14:11:18','adddeploy','UOI-didi_data-20160614141117'),(168,'1823','manbo.xu','192.168.66.66','2016-06-14 14:19:35','login','True'),(169,'1823','manbo.xu','192.168.66.66','2016-06-14 14:41:04','logout','True'),(170,'1823','manbo.xu','192.168.66.66','2016-06-14 14:41:06','login','True'),(171,'1823','manbo.xu','192.168.66.66','2016-06-14 14:42:01','adddeploy','UOI-didi_data-20160614144200'),(172,'1823','manbo.xu','192.168.66.66','2016-06-14 14:43:39','approve_success','UOI-didi_data-20160614144200'),(173,'1823','manbo.xu','192.168.66.66','2016-06-14 14:43:41','dodeploy','UOI-didi_data-20160614144200'),(174,'1641','haohao.chen','192.168.67.32','2016-06-14 14:44:38','login','True'),(175,'1823','manbo.xu','192.168.66.66','2016-06-14 14:45:44','adddeploy','UOI-didi_data-20160614144543'),(176,'1823','manbo.xu','192.168.66.66','2016-06-14 14:45:51','approve_success','UOI-didi_data-20160614144543'),(177,'1823','manbo.xu','192.168.66.66','2016-06-14 14:45:51','dodeploy','UOI-didi_data-20160614144543'),(178,'1903','zhigao.yin','192.168.66.103','2016-06-14 15:07:15','login','True'),(179,'1903','zhigao.yin','192.168.66.103','2016-06-14 15:07:33','logout','True'),(180,'1823','manbo.xu','192.168.66.103','2016-06-14 15:07:51','login','True'),(181,'1823','manbo.xu','192.168.66.103','2016-06-14 15:10:34','logout','True'),(182,'1903','zhigao.yin','192.168.66.103','2016-06-14 15:10:36','login','True'),(183,'1903','zhigao.yin','192.168.66.103','2016-06-14 15:46:49','logout','True'),(184,'1823','manbo.xu','192.168.66.103','2016-06-14 15:47:07','login','True'),(185,'1823','manbo.xu','192.168.66.66','2016-06-14 15:56:45','login','True'),(186,'1823','manbo.xu','192.168.66.66','2016-06-14 17:34:00','login','True'),(187,'1823','manbo.xu','192.168.66.66','2016-06-14 18:55:42','login','True'),(188,'1823','manbo.xu','192.168.66.66','2016-06-15 09:20:57','login','True'),(189,'1823','manbo.xu','192.168.66.66','2016-06-15 09:51:21','login','True'),(190,'1823','manbo.xu','192.168.66.66','2016-06-24 10:47:55','login','True'),(191,'1823','manbo.xu','192.168.66.93','2016-06-24 10:48:42','adddeploy','UOA-didi_admin-20160624104842'),(192,'1823','manbo.xu','192.168.66.66','2016-06-29 15:40:34','adddeploy','UOA-didi_admin-20160629154034'),(193,'1000','xuki.xu','192.168.66.228','2016-06-29 16:08:13','login','True'),(194,'1823','manbo.xu','192.168.66.66','2016-06-29 17:02:02','tomcat_task','aicai_webclient-192.168.91.40'),(195,'1823','manbo.xu','192.168.66.93','2016-06-29 17:05:29','editrole','1823'),(196,'1823','manbo.xu','192.168.66.93','2016-06-29 17:52:27','login','True'),(197,'1823','manbo.xu','192.168.66.66','2016-06-29 18:32:40','logout','True'),(198,'1823','manbo.xu','192.168.66.66','2016-06-29 18:32:47','login','True'),(199,'1823','manbo.xu','192.168.66.66','2016-06-29 18:33:08','logout','True'),(200,'1823','manbo.xu','192.168.66.66','2016-06-29 18:33:09','login','True'),(201,'1823','manbo.xu','192.168.66.66','2016-06-29 18:36:11','tomcat_task','aicai_webclient-192.168.91.40'),(202,'1823','manbo.xu','192.168.66.66','2016-06-29 18:38:34','editapp','aicai_webclient'),(203,'1823','manbo.xu','192.168.66.66','2016-06-29 18:38:43','tomcat_task','aicai_webclient-192.168.91.40'),(204,'1823','manbo.xu','192.168.66.66','2016-06-29 18:38:43','tomcat_task','aicai_webclient-192.168.91.42'),(205,'1823','manbo.xu','192.168.66.66','2016-06-30 09:26:03','login','True'),(206,'1823','manbo.xu','192.168.66.66','2016-06-30 10:04:47','logout','True'),(207,'1823','manbo.xu','192.168.66.66','2016-06-30 10:04:53','login','True'),(208,'1823','manbo.xu','10.71.64.90','2016-06-30 11:44:52','login','True'),(209,'1823','manbo.xu','192.168.66.93','2016-06-30 11:52:16','tomcat_task','aicai_webclient-192.168.91.40'),(210,'1823','manbo.xu','192.168.66.93','2016-06-30 11:53:42','tomcat_task','aicai_webclient-192.168.91.40'),(211,'1823','manbo.xu','10.71.64.90','2016-06-30 11:54:43','tomcat_task','aicai_webclient-192.168.91.40'),(212,'1823','manbo.xu','192.168.66.93','2016-06-30 11:58:45','tomcat_task','aicai_webclient-192.168.91.40'),(213,'1823','manbo.xu','192.168.66.93','2016-06-30 11:59:15','tomcat_task','aicai_webclient-192.168.91.40'),(214,'1823','manbo.xu','192.168.66.93','2016-06-30 11:59:20','tomcat_task','aicai_webclient-192.168.91.40'),(215,'1823','manbo.xu','192.168.66.93','2016-06-30 12:02:52','tomcat_task','aicai_webclient-192.168.91.40'),(216,'1823','manbo.xu','10.71.64.90','2016-06-30 12:05:00','tomcat_task','aicai_webclient-192.168.91.40'),(217,'1823','manbo.xu','10.71.64.90','2016-06-30 12:05:30','tomcat_task','aicai_webclient-192.168.91.42'),(218,'1823','manbo.xu','10.71.64.90','2016-06-30 12:07:02','tomcat_task','aicai_webclient-192.168.91.40'),(219,'1823','manbo.xu','10.71.64.90','2016-06-30 12:07:44','tomcat_task','aicai_webclient-192.168.91.42'),(220,'1823','manbo.xu','10.71.64.90','2016-06-30 12:09:15','editapp','aicai_webclient'),(221,'1823','manbo.xu','10.71.64.90','2016-06-30 12:09:28','tomcat_task','aicai_webclient-192.168.91.42'),(222,'1823','manbo.xu','10.71.64.90','2016-06-30 12:17:02','tomcat_task','aicai_webclient-192.168.91.40'),(223,'1823','manbo.xu','10.71.64.90','2016-06-30 13:46:28','login','True'),(224,'1823','manbo.xu','192.168.66.93','2016-06-30 14:44:34','editserver','滴滴业务'),(225,'1823','manbo.xu','10.71.64.90','2016-06-30 14:46:58','adddeploy','UOA-aicai_webclient-20160630144658'),(226,'1823','manbo.xu','192.168.66.93','2016-06-30 16:13:48','tomcat_task','aicai_webclient-192.168.91.40'),(227,'1823','manbo.xu','192.168.66.93','2016-06-30 16:34:41','tomcat_task','aicai_webclient-192.168.91.40'),(228,'1823','manbo.xu','192.168.66.93','2016-06-30 16:36:09','tomcat_task','aicai_webclient-192.168.91.40'),(229,'1823','manbo.xu','192.168.66.93','2016-06-30 16:36:09','tomcat_task','aicai_webclient-192.168.91.42'),(230,'1823','manbo.xu','192.168.66.66','2016-06-30 16:37:51','login','True'),(231,'1823','manbo.xu','192.168.66.66','2016-06-30 16:38:21','tomcat_task','aicai_webclient-192.168.91.40'),(232,'1823','manbo.xu','192.168.66.66','2016-06-30 16:50:36','login','True'),(233,'1823','manbo.xu','192.168.66.66','2016-06-30 16:57:09','tomcat_task','aicai_webclient-192.168.91.40'),(234,'1823','manbo.xu','192.168.66.66','2016-06-30 16:57:09','tomcat_task','aicai_webclient-192.168.91.42'),(235,'1823','manbo.xu','192.168.66.66','2016-06-30 17:21:46','login','True'),(236,'1823','manbo.xu','192.168.66.66','2016-06-30 17:22:32','tomcat_task','aicai_webclient-192.168.91.40'),(237,'1823','manbo.xu','192.168.66.66','2016-07-04 10:20:39','login','True'),(238,'1823','manbo.xu','192.168.66.66','2016-07-04 15:22:18','login','True'),(239,'1823','manbo.xu','192.168.66.93','2016-07-04 16:53:25','login','True'),(240,'1823','manbo.xu','192.168.66.66','2016-07-04 17:08:19','login','True'),(241,'1823','manbo.xu','192.168.66.66','2016-07-04 17:19:47','tomcat_task','aicai_webclient-192.168.91.40'),(242,'1823','manbo.xu','192.168.66.66','2016-07-04 17:19:47','tomcat_task','aicai_webclient-192.168.91.42'),(243,'1823','manbo.xu','192.168.66.66','2016-07-04 17:22:21','login','True'),(244,'1823','manbo.xu','192.168.66.93','2016-07-04 18:32:15','tomcat_task','aicai_webclient-192.168.91.40'),(245,'1823','manbo.xu','192.168.66.66','2016-07-04 18:38:37','login','True'),(246,'1823','manbo.xu','192.168.66.93','2016-07-05 09:21:12','login','True'),(247,'1823','manbo.xu','192.168.66.93','2016-07-05 11:05:46','login','True'),(248,'1823','manbo.xu','192.168.66.93','2016-07-05 11:38:25','tomcat_task','aicai_webclient-192.168.91.40'),(249,'1823','manbo.xu','192.168.66.93','2016-07-05 11:51:05','tomcat_task','aicai_webclient-192.168.91.40'),(250,'1823','manbo.xu','192.168.66.93','2016-07-05 11:51:05','tomcat_task','aicai_webclient-192.168.91.42'),(251,'1823','manbo.xu','192.168.66.93','2016-07-05 14:12:49','login','True'),(252,'1823','manbo.xu','192.168.66.93','2016-07-05 15:08:27','reboot','TC-didi_provider_web-20160705150827'),(253,'1823','manbo.xu','192.168.66.93','2016-07-05 15:40:07','editrole','1823'),(254,'1823','manbo.xu','192.168.66.93','2016-07-05 15:49:25','reboot','TC-didi_admin-20160705154925'),(255,'1823','manbo.xu','192.168.66.93','2016-07-05 15:53:33','reboot','TC-didi_admin-20160705155333'),(256,'1823','manbo.xu','192.168.66.93','2016-07-05 15:56:01','reboot','TC-didi_admin-20160705155601'),(257,'1823','manbo.xu','192.168.66.93','2016-07-05 16:00:30','reboot','TC-aicai_webclient-20160705160030'),(258,'1823','manbo.xu','192.168.66.66','2016-07-05 16:02:24','login','True'),(259,'1823','manbo.xu','192.168.66.93','2016-07-05 16:03:56','reboot','TC-aicai_webclient-20160705160356'),(260,'1823','manbo.xu','192.168.66.93','2016-07-05 16:04:56','reboot','TC-aicai_webclient-20160705160456'),(261,'1823','manbo.xu','192.168.66.93','2016-07-05 16:05:13','reboot','TC-aicai_webclient-20160705160513'),(262,'1823','manbo.xu','192.168.66.93','2016-07-05 16:05:51','reboot','TC-aicai_webclient-20160705160551'),(263,'1823','manbo.xu','192.168.66.93','2016-07-05 16:26:02','reboot','TC-aicai_webclient-20160705162602'),(264,'1823','manbo.xu','192.168.66.66','2016-07-05 16:34:14','login','True'),(265,'1823','manbo.xu','192.168.66.93','2016-07-05 16:40:29','reboot','TC-aicai_webclient-20160705164029'),(266,'1823','manbo.xu','192.168.66.93','2016-07-05 17:07:30','reboot','TC-didi_admin-20160705170730'),(267,'1823','manbo.xu','192.168.66.93','2016-07-05 17:08:23','logout','True'),(268,'1823','manbo.xu','192.168.66.93','2016-07-05 17:08:24','login','True'),(269,'1823','manbo.xu','192.168.66.93','2016-07-05 17:08:41','reboot','TC-didi_adminservice-20160705170841'),(270,'1823','manbo.xu','192.168.66.93','2016-07-05 18:02:56','login','True'),(271,'1823','manbo.xu','192.168.66.66','2016-07-05 18:05:11','login','True'),(272,'1823','manbo.xu','192.168.66.66','2016-07-05 18:14:48','reboot','TC-didi_admin-20160705181448'),(273,'1823','manbo.xu','192.168.66.66','2016-07-05 18:18:01','reboot','TC-aicai_webclient-20160705181801'),(274,'1823','manbo.xu','192.168.66.66','2016-07-05 18:19:03','editrole','1984'),(275,'1823','manbo.xu','192.168.66.66','2016-07-05 18:19:17','reboot','TC-didi_provider_web-20160705181917'),(276,'1823','manbo.xu','192.168.66.93','2016-07-05 18:24:35','approve_success','UOA-aicai_webclient-20160630144658'),(277,'1823','manbo.xu','192.168.66.93','2016-07-05 18:36:28','reboot','TC-didi_provider_client-20160705183628'),(278,'1823','manbo.xu','192.168.66.93','2016-07-06 09:26:15','login','True'),(279,'1823','manbo.xu','192.168.66.66','2016-07-06 15:39:56','login','True'),(280,'1823','manbo.xu','192.168.66.66','2016-07-06 15:40:25','reboot','TC-didi_admin-20160706154025'),(281,'1000','xuki.xu','192.168.66.228','2016-07-06 16:03:36','login','True'),(282,'1000','xuki.xu','192.168.66.228','2016-07-06 16:04:13','logout','True'),(283,'1823','manbo.xu','192.168.66.228','2016-07-06 16:05:23','login','True'),(284,'1823','manbo.xu','192.168.66.228','2016-07-06 16:06:10','reboot','TC-aicai_webclient-20160706160610'),(285,'1823','manbo.xu','192.168.66.66','2016-07-07 15:35:29','login','True'),(286,'1823','manbo.xu','192.168.66.66','2016-07-07 15:36:21','adddeploy','UOA-aicai_webclient-20160707153621'),(287,'1823','manbo.xu','192.168.66.93','2016-07-07 15:42:16','login','True'),(288,'1823','manbo.xu','192.168.66.93','2016-07-07 15:45:43','approve_success','UOA-aicai_webclient-20160707153621'),(289,'1823','manbo.xu','192.168.66.66','2016-07-07 15:47:52','approve_notgo','UOA-didi_admin-20160629154034'),(290,'1823','manbo.xu','192.168.66.66','2016-07-07 15:48:08','reboot','TC-didi_admin-20160707154808'),(291,'1823','manbo.xu','192.168.66.66','2016-07-07 16:29:29','login','True'),(292,'1823','manbo.xu','192.168.66.66','2016-07-07 16:31:30','reboot','TC-didi_admin-20160707163130'),(293,'1823','manbo.xu','192.168.66.66','2016-07-07 16:31:47','approve_success','TC-didi_admin-20160707163130'),(294,'1823','manbo.xu','192.168.66.66','2016-07-07 16:34:28','reboot','TC-aicai_webclient-20160707163428'),(295,'1823','manbo.xu','192.168.66.66','2016-07-07 16:34:37','approve_success','TC-aicai_webclient-20160707163428'),(296,'1823','manbo.xu','192.168.66.66','2016-07-07 16:38:36','reboot','TC-aicai_webclient-20160707163836'),(297,'1823','manbo.xu','192.168.66.66','2016-07-07 16:45:55','reboot','TC-aicai_webclient-20160707164555'),(298,'1823','manbo.xu','192.168.66.66','2016-07-07 16:46:06','approve_success','TC-aicai_webclient-20160707164555'),(299,'1823','manbo.xu','192.168.66.66','2016-07-07 16:46:35','approve_success','UOA-didi_admin-20160624104842'),(300,'1823','manbo.xu','192.168.66.66','2016-07-07 16:49:16','reboot','TC-aicai_webclient-20160707164916'),(301,'1823','manbo.xu','192.168.66.66','2016-07-07 16:49:21','approve_success','TC-aicai_webclient-20160707164916'),(302,'1823','manbo.xu','192.168.66.66','2016-07-07 16:50:45','approve_success','TC-aicai_webclient-20160707163836'),(303,'1823','manbo.xu','192.168.66.66','2016-07-07 16:51:26','reboot','TC-aicai_webclient-20160707165126'),(304,'1823','manbo.xu','192.168.66.66','2016-07-07 16:52:58','adddeploy','UOA-aicai_webclient-20160707165258'),(305,'1823','manbo.xu','192.168.66.66','2016-07-07 16:56:11','approve_success','TC-aicai_webclient-20160707165126'),(306,'1823','manbo.xu','192.168.66.66','2016-07-07 16:57:00','reboot','TC-aicai_webclient-20160707165700'),(307,'1823','manbo.xu','192.168.66.66','2016-07-07 16:57:06','approve_success','TC-aicai_webclient-20160707165700'),(308,'1823','manbo.xu','192.168.66.66','2016-07-07 16:58:50','reboot','TC-aicai_webclient-20160707165850'),(309,'1823','manbo.xu','192.168.66.66','2016-07-07 16:58:55','approve_success','TC-aicai_webclient-20160707165850'),(310,'1823','manbo.xu','192.168.66.66','2016-07-07 17:02:22','reboot','TC-aicai_webclient-20160707170222'),(311,'1823','manbo.xu','192.168.66.66','2016-07-07 17:02:27','approve_success','TC-aicai_webclient-20160707170222'),(312,'1823','manbo.xu','192.168.66.66','2016-07-07 17:06:34','reboot','TC-aicai_webclient-20160707170634'),(313,'1823','manbo.xu','192.168.66.66','2016-07-07 17:06:38','approve_notgo','TC-aicai_webclient-20160707170634'),(314,'1823','manbo.xu','192.168.66.66','2016-07-07 17:07:01','reboot','TC-didi_admin-20160707170701'),(315,'1823','manbo.xu','192.168.66.66','2016-07-07 17:07:05','approve_success','TC-didi_admin-20160707170701'),(316,'1823','manbo.xu','192.168.66.66','2016-07-07 17:08:32','reboot','TC-didi_adminservice-20160707170832'),(317,'1823','manbo.xu','192.168.66.66','2016-07-07 17:08:36','approve_notgo','TC-didi_adminservice-20160707170832'),(318,'1823','manbo.xu','192.168.66.66','2016-07-07 17:11:21','reboot','TC-aicai_webclient-20160707171121'),(319,'1823','manbo.xu','192.168.66.66','2016-07-07 17:11:34','approve_success','TC-aicai_webclient-20160707171121'),(320,'1823','manbo.xu','192.168.66.66','2016-07-07 17:11:36','notgo','TC-aicai_webclient-20160707171121'),(321,'1823','manbo.xu','192.168.66.66','2016-07-07 17:11:58','reboot','TC-didi_service-20160707171158'),(322,'1823','manbo.xu','192.168.66.66','2016-07-07 17:12:02','approve_success','TC-didi_service-20160707171158'),(323,'1823','manbo.xu','192.168.66.66','2016-07-07 17:12:07','notgo','TC-didi_service-20160707171158'),(324,'1823','manbo.xu','192.168.66.66','2016-07-07 17:13:24','reboot','TC-aicai_webclient-20160707171324'),(325,'1823','manbo.xu','192.168.66.66','2016-07-07 17:13:49','approve_success','TC-aicai_webclient-20160707171324'),(326,'1823','manbo.xu','192.168.66.66','2016-07-07 17:15:41','approve_success','UOA-aicai_webclient-20160707165258'),(327,'1823','manbo.xu','192.168.66.66','2016-07-07 17:16:03','adddeploy','UOA-aicai_webclient-20160707171603'),(328,'1823','manbo.xu','192.168.66.66','2016-07-07 17:16:08','approve_success','UOA-aicai_webclient-20160707171603'),(329,'1823','manbo.xu','192.168.66.66','2016-07-07 17:19:36','reboot','TC-aicai_webclient-20160707171936'),(330,'1823','manbo.xu','192.168.66.66','2016-07-07 17:19:41','approve_success','TC-aicai_webclient-20160707171936'),(331,'1823','manbo.xu','192.168.66.66','2016-07-07 17:20:01','adddeploy','UOA-aicai_webclient-20160707172001'),(332,'1823','manbo.xu','192.168.66.66','2016-07-07 17:20:04','approve_success','UOA-aicai_webclient-20160707172001'),(333,'1823','manbo.xu','192.168.66.66','2016-07-07 17:29:17','adddeploy','UOA-aicai_webclient-20160707172917'),(334,'1823','manbo.xu','192.168.66.66','2016-07-07 17:29:20','approve_success','UOA-aicai_webclient-20160707172917'),(335,'1823','manbo.xu','192.168.66.66','2016-07-07 17:43:01','notgo','TC-aicai_webclient-20160707171936');
/*!40000 ALTER TABLE `User_ac_log` ENABLE KEYS */;
UNLOCK TABLES;

--
-- Table structure for table `app_deploy_batch`
--

DROP TABLE IF EXISTS `app_deploy_batch`;
/*!40101 SET @saved_cs_client     = @@character_set_client */;
/*!40101 SET character_set_client = utf8 */;
CREATE TABLE `app_deploy_batch` (
  `id` int(11) NOT NULL AUTO_INCREMENT,
  `batch_no` varchar(40) NOT NULL,
  `app_id` int(11) NOT NULL,
  `app_name` varchar(40) NOT NULL,
  `type` int(11) NOT NULL,
  `status` int(11) NOT NULL,
  `env` int(11) NOT NULL,
  `create_time` datetime NOT NULL,
  `audit_time` datetime DEFAULT NULL,
  `finish_time` datetime DEFAULT NULL,
  `launcher` varchar(20) DEFAULT NULL,
  `auditor` varchar(20) DEFAULT NULL,
  `operator` varchar(20) DEFAULT NULL,
  `is_undo` int(11) DEFAULT NULL,
  `file_check` int(11) DEFAULT NULL,
  `check_files_status` int(11) DEFAULT NULL,
  `message_type` int(11) NOT NULL,
  `restart_tomcat` int(11) NOT NULL,
  `plan` int(11) DEFAULT NULL,
  `message_cc` varchar(100) DEFAULT NULL,
  `subject` varchar(200) DEFAULT NULL,
  `after_command` varchar(500) DEFAULT NULL,
  `before_command` varchar(500) DEFAULT NULL,
  `desc` varchar(600) DEFAULT NULL,
  `content` varchar(1000) DEFAULT NULL,
  `business_id` int(11) DEFAULT NULL,
  PRIMARY KEY (`id`)
) ENGINE=MyISAM AUTO_INCREMENT=30 DEFAULT CHARSET=utf8;
/*!40101 SET character_set_client = @saved_cs_client */;

--
-- Dumping data for table `app_deploy_batch`
--

LOCK TABLES `app_deploy_batch` WRITE;
/*!40000 ALTER TABLE `app_deploy_batch` DISABLE KEYS */;
INSERT INTO `app_deploy_batch` VALUES (1,'UOI-didi_admin-20160607153241',1,'didi_admin',1,5,3,'2016-06-07 15:32:42','2016-06-07 15:33:10','2016-06-07 15:33:53','manbo.xu','manbo.xu',NULL,NULL,1,NULL,1,0,1,'manbo.xu','admin','','','','http://aud2.inzwc.com/filelist/UOI-didi_admin-20160607153241',2),(17,'UOI-hkstock_admin-20160614134720',25,'hkstock_admin',1,4,3,'2016-06-14 13:47:21','2016-06-14 13:47:27','2016-06-14 13:47:29','manbo.xu','manbo.xu',NULL,1,1,NULL,1,0,1,'','hkstock-admin','','','','http://aud2.inzwc.com/filelist/UOI-hkstock_admin-20160614134720',4),(16,'UOI-hkstock_admin-20160614134545',25,'hkstock_admin',1,4,3,'2016-06-14 13:45:46','2016-06-14 13:45:54','2016-06-14 13:45:59','manbo.xu','manbo.xu',NULL,NULL,1,NULL,1,0,1,'','hkstock-admin','','','','http://aud2.inzwc.com/filelist/UOI-hkstock_admin-20160614134545',4),(13,'UOA-peizi_admin-20160612134713',7,'peizi_admin',0,4,3,'2016-06-12 13:47:13','2016-06-12 13:47:17','2016-06-12 13:48:21','manbo.xu','manbo.xu',NULL,1,0,NULL,1,1,0,'manbo.xu','admin','','','','',3),(14,'ROA-peizi_admin-20160612134713',7,'peizi_admin',2,4,3,'2016-06-12 13:49:21',NULL,'2016-06-12 13:50:18','manbo.xu',NULL,NULL,NULL,0,NULL,1,1,NULL,'manbo.xu','UOA-peizi_admin-20160612134713回滚.',NULL,NULL,'UOA-peizi_admin-20160612134713回滚.',NULL,3),(9,'UOI-peizi_admin-20160612095326',7,'peizi_admin',1,4,3,'2016-06-12 09:53:27','2016-06-12 09:53:35','2016-06-12 09:53:39','manbo.xu','manbo.xu',NULL,NULL,1,NULL,1,0,0,'','11','','','','http://aud2.inzwc.com/filelist/UOI-peizi_admin-20160612095326',3),(10,'UOI-peizi_admin-20160612101419',7,'peizi_admin',1,4,3,'2016-06-12 10:14:20','2016-06-12 10:14:26','2016-06-12 10:14:30','manbo.xu','manbo.xu',NULL,NULL,1,NULL,1,0,0,'','11','','','','http://aud2.inzwc.com/filelist/UOI-peizi_admin-20160612101419',3),(11,'UOI-peizi_admin-20160612101615',7,'peizi_admin',1,4,3,'2016-06-12 10:16:16','2016-06-12 10:16:22','2016-06-12 10:16:31','manbo.xu','manbo.xu',NULL,NULL,1,NULL,1,0,0,'','11','','','','http://aud2.inzwc.com/filelist/UOI-peizi_admin-20160612101615',3),(12,'UOI-peizi_admin-20160612101923',7,'peizi_admin',1,4,3,'2016-06-12 10:19:23','2016-06-12 10:19:28','2016-06-12 10:19:41','manbo.xu','manbo.xu',NULL,NULL,1,NULL,1,0,0,'','11','','','','http://aud2.inzwc.com/filelist/UOI-peizi_admin-20160612101923',3),(18,'ROI-hkstock_admin-20160614134720',25,'hkstock_admin',3,4,3,'2016-06-14 13:48:12',NULL,'2016-06-14 13:48:18','manbo.xu',NULL,NULL,NULL,0,NULL,1,0,NULL,'','UOI-hkstock_admin-20160614134720回滚.',NULL,NULL,'UOI-hkstock_admin-20160614134720回滚.',NULL,4),(21,'UOI-didi_data-20160614144543',4,'didi_data',1,4,3,'2016-06-14 14:45:44','2016-06-14 14:45:51','2016-06-14 14:45:53','manbo.xu','manbo.xu',NULL,NULL,1,NULL,1,0,1,'manbo.xu','didi_data','','','','http://aud2.inzwc.com/filelist/UOI-didi_data-20160614144543',2),(20,'UOI-didi_data-20160614144200',4,'didi_data',1,3,3,'2016-06-14 14:42:01','2016-06-14 14:43:39',NULL,'manbo.xu','manbo.xu',NULL,NULL,1,NULL,1,0,0,'','didi_data','','','','http://aud2.inzwc.com/filelist/UOI-didi_data-20160614144200',2),(22,'UOA-didi_admin-20160624104842',1,'didi_admin',0,2,3,'2016-06-24 10:48:42','2016-07-07 16:46:35',NULL,'manbo.xu','manbo.xu',NULL,NULL,0,NULL,1,0,0,'','webclient','','','','',2),(23,'UOA-didi_admin-20160629154034',1,'didi_admin',0,1,3,'2016-06-29 15:40:34','2016-07-07 15:47:52','2016-07-07 15:47:52','manbo.xu','manbo.xu',NULL,NULL,0,NULL,1,1,0,'','111','','','','',2),(24,'UOA-aicai_webclient-20160630144658',29,'aicai_webclient',0,2,3,'2016-06-30 14:46:58','2016-07-05 18:24:35',NULL,'manbo.xu','mingmei.xie',NULL,NULL,0,NULL,1,1,0,'','8888888888','','','','',1),(25,'UOA-aicai_webclient-20160707153621',29,'aicai_webclient',0,2,3,'2016-07-07 15:36:21','2016-07-07 15:45:43',NULL,'manbo.xu','manbo.xu',NULL,NULL,0,NULL,1,1,0,'','dada','','','da','',1),(26,'UOA-aicai_webclient-20160707165258',29,'aicai_webclient',0,2,3,'2016-07-07 16:52:58','2016-07-07 17:15:41',NULL,'manbo.xu','manbo.xu',NULL,NULL,0,NULL,1,1,0,'','dadada','','','','',1),(27,'UOA-aicai_webclient-20160707171603',29,'aicai_webclient',0,2,3,'2016-07-07 17:16:03','2016-07-07 17:16:08',NULL,'manbo.xu','manbo.xu',NULL,NULL,0,NULL,1,1,0,'','dadad','','','','',1),(28,'UOA-aicai_webclient-20160707172001',29,'aicai_webclient',0,2,3,'2016-07-07 17:20:01','2016-07-07 17:20:04',NULL,'manbo.xu','manbo.xu',NULL,NULL,0,NULL,1,1,0,'','dada','','','','',1),(29,'UOA-aicai_webclient-20160707172917',29,'aicai_webclient',0,2,3,'2016-07-07 17:29:17','2016-07-07 17:29:20',NULL,'manbo.xu','manbo.xu',NULL,NULL,0,NULL,1,1,0,'','dada','','','','',1);
/*!40000 ALTER TABLE `app_deploy_batch` ENABLE KEYS */;
UNLOCK TABLES;

--
-- Table structure for table `app_deploy_node_info`
--

DROP TABLE IF EXISTS `app_deploy_node_info`;
/*!40101 SET @saved_cs_client     = @@character_set_client */;
/*!40101 SET character_set_client = utf8 */;
CREATE TABLE `app_deploy_node_info` (
  `id` int(11) NOT NULL AUTO_INCREMENT,
  `task_id` int(11) NOT NULL,
  `task_no` varchar(40) NOT NULL,
  `create_time` datetime NOT NULL,
  `logs` varchar(2000) DEFAULT NULL,
  PRIMARY KEY (`id`)
) ENGINE=MyISAM DEFAULT CHARSET=utf8;
/*!40101 SET character_set_client = @saved_cs_client */;

--
-- Dumping data for table `app_deploy_node_info`
--

LOCK TABLES `app_deploy_node_info` WRITE;
/*!40000 ALTER TABLE `app_deploy_node_info` DISABLE KEYS */;
/*!40000 ALTER TABLE `app_deploy_node_info` ENABLE KEYS */;
UNLOCK TABLES;

--
-- Table structure for table `app_deploy_node_task`
--

DROP TABLE IF EXISTS `app_deploy_node_task`;
/*!40101 SET @saved_cs_client     = @@character_set_client */;
/*!40101 SET character_set_client = utf8 */;
CREATE TABLE `app_deploy_node_task` (
  `id` int(11) NOT NULL AUTO_INCREMENT,
  `task_no` varchar(40) NOT NULL,
  `batch_id` int(11) NOT NULL,
  `batch_no` varchar(40) NOT NULL,
  `create_time` datetime NOT NULL,
  `node_id` int(11) NOT NULL,
  `node_ip` varchar(40) NOT NULL,
  `status` int(11) DEFAULT NULL,
  `finish_time` datetime DEFAULT NULL,
  `conclusion` varchar(10) DEFAULT NULL,
  `detail` varchar(1000) DEFAULT NULL,
  PRIMARY KEY (`id`)
) ENGINE=MyISAM AUTO_INCREMENT=38 DEFAULT CHARSET=utf8;
/*!40101 SET character_set_client = @saved_cs_client */;

--
-- Dumping data for table `app_deploy_node_task`
--

LOCK TABLES `app_deploy_node_task` WRITE;
/*!40000 ALTER TABLE `app_deploy_node_task` DISABLE KEYS */;
INSERT INTO `app_deploy_node_task` VALUES (1,'42a8e873e335e10b0e8ce6bbb36ae33a',1,'UOI-didi_admin-20160607153241','2016-06-07 15:33:10',1,'10.22.11.5',2,'2016-06-07 15:33:53','11111','[更新前检查]更新异常：本机未部署应用:didi_admin'),(2,'25d0645783d471813a5af1af04385184',2,'UOI-didi_data-20160607154051','2016-06-07 15:41:13',2,'10.22.11.5',3,'2016-06-07 15:41:24','00000',NULL),(3,'5e0f414dcc209c6fd9903703e9ff6550',3,'UOA-didi_data-20160607161034','2016-06-07 16:10:40',7,'10.22.11.5',3,'2016-06-07 16:11:42','00000','[Tomcat启动检查]启动共有15条WARN日志'),(4,'6c057c32a8f1a1266ac0607cd1dcd703',4,'UOI-peizi_admin-20160608172438','2016-06-08 17:25:16',10,'172.16.168.5',0,NULL,NULL,NULL),(5,'364ebb52ba741e3674d1568884919aba',5,'UOI-peizi_admin-20160608173340','2016-06-08 17:34:26',10,'172.16.168.5',0,NULL,NULL,NULL),(6,'bba5716860df2f45dd83cb713816884f',6,'UOI-peizi_admin-20160608180443','2016-06-08 18:05:13',10,'172.16.168.5',0,NULL,NULL,NULL),(7,'3927182dc28627c30d22620fe554c0c4',7,'UOI-peizi_admin-20160608180626','2016-06-08 18:06:35',10,'172.16.168.5',0,NULL,NULL,NULL),(8,'5b81f275a552a752cb32e8640458792e',8,'UOI-peizi_admin-20160610194143','2016-06-12 09:52:08',10,'172.16.168.5',0,NULL,NULL,NULL),(9,'41fc90db077289fca462806801742370',9,'UOI-peizi_admin-20160612095326','2016-06-12 09:53:37',10,'172.16.168.5',3,'2016-06-12 09:53:39','00000',NULL),(10,'6182d83a0aaa4b0c52ab3742911d3174',10,'UOI-peizi_admin-20160612101419','2016-06-12 10:14:27',10,'172.16.168.5',3,'2016-06-12 10:14:30','00000',NULL),(11,'a7a650f3d01333182ae22797aee54cc5',11,'UOI-peizi_admin-20160612101615','2016-06-12 10:16:23',10,'172.16.168.5',3,'2016-06-12 10:16:31','00000',NULL),(12,'fb9e6ee44d3b9ee84d42498050d6157a',12,'UOI-peizi_admin-20160612101923','2016-06-12 10:19:29',10,'172.16.168.5',3,'2016-06-12 10:19:41','00000',NULL),(13,'dfb9499313ec5966af50787c87b0179d',13,'UOA-peizi_admin-20160612134713','2016-06-12 13:47:19',10,'172.16.168.5',3,'2016-06-12 13:48:21','00001','[Tomcat启动检查]启动共有1条WARN日志|[Tomcat启动检查]启动共有6条Exception日志'),(14,'45e4018e3b838bd6ab9f54ffd00a1dd2',14,'ROA-peizi_admin-20160612134713','2016-06-12 13:49:21',10,'172.16.168.5',3,'2016-06-12 13:50:18','00000',NULL),(15,'b8f23b4d57da50ce758ad81af6e6bc50',15,'UOA-didi_service-20160612151533','2016-06-12 15:15:48',31,'10.22.11.7',3,'2016-06-12 15:18:41','00010','[Tomcat启动检查]启动共有25条WARN日志|[Tomcat启动检查]启动共有2条ERROR日志'),(16,'ba4db397432da5c01eab76b9a155ba5f',15,'UOA-didi_service-20160612151533','2016-06-12 15:15:48',32,'10.22.13.7',1,NULL,NULL,NULL),(17,'5fd6482d33ce4f884ed5c13c003bdc0d',15,'UOA-didi_service-20160612151533','2016-06-12 15:15:48',33,'10.22.18.7',2,'2016-06-12 15:17:41','11111','[更新前检查]更新异常：本机无法连通Beta(Rsync)服务器:10.22.11.2'),(18,'b7b27220a50cda641eb3be90b87a5025',15,'UOA-didi_service-20160612151533','2016-06-12 15:15:48',34,'10.22.18.8',2,'2016-06-12 15:17:41','11111','[更新前检查]更新异常：本机无法连通Beta(Rsync)服务器:10.22.11.2'),(19,'affb22f8d7bcc11fe2a61140a1834370',15,'UOA-didi_service-20160612151533','2016-06-12 15:15:48',35,'10.22.12.7',1,NULL,NULL,NULL),(20,'5cb054be955ebcaf1c693c5080e2441b',16,'UOI-hkstock_admin-20160614134545','2016-06-14 13:45:54',53,'172.16.168.8',3,'2016-06-14 13:45:59','00000',NULL),(21,'7afcd795d9d2c543d540471c239f0eaa',17,'UOI-hkstock_admin-20160614134720','2016-06-14 13:47:27',53,'172.16.168.8',3,'2016-06-14 13:47:29','00000',NULL),(22,'6f3b061e2612b0f1ca38c2bdedf8010c',18,'ROI-hkstock_admin-20160614134720','2016-06-14 13:48:12',53,'172.16.168.8',3,'2016-06-14 13:48:18','00000',NULL),(23,'085b68643eb99aa746faf137cfa23926',20,'UOI-didi_data-20160614144200','2016-06-14 14:43:41',7,'10.22.11.5',1,NULL,NULL,NULL),(24,'e115deb429c5f7502dad4c2d1a4db3f0',21,'UOI-didi_data-20160614144543','2016-06-14 14:45:51',7,'10.22.11.5',3,'2016-06-14 14:45:53','00000',NULL),(25,'54e9786abe6b40bb5459b8e9b05d29aa',27,'UOA-aicai_webclient-20160707171603','2016-07-07 17:16:17',61,'192.168.91.40',0,NULL,NULL,NULL),(26,'9c4a58891894ad7fe55ec0e8bbecf23a',28,'UOA-aicai_webclient-20160707172001','2016-07-07 17:20:06',61,'192.168.91.40',0,NULL,NULL,NULL),(27,'bb175df7c1e6f17a2d98abc737c28dee',28,'UOA-aicai_webclient-20160707172001','2016-07-07 17:21:11',61,'192.168.91.40',0,NULL,NULL,NULL),(28,'abcee4bcfd19da1b3d75a6e0363cbe91',28,'UOA-aicai_webclient-20160707172001','2016-07-07 17:25:45',61,'192.168.91.40',0,NULL,NULL,NULL),(29,'654f6b1a8e4044e1a210b97ee239bf13',28,'UOA-aicai_webclient-20160707172001','2016-07-07 17:26:31',61,'192.168.91.40',0,NULL,NULL,NULL),(30,'5885de9a1b5e9afa742b49157d7b74f0',29,'UOA-aicai_webclient-20160707172917','2016-07-07 17:29:22',61,'192.168.91.40',0,NULL,NULL,NULL),(31,'ab2b1fbef6131cdd2c7ad2f5e72a8917',29,'UOA-aicai_webclient-20160707172917','2016-07-07 17:38:17',61,'192.168.91.40',0,NULL,NULL,NULL),(32,'ed84d5bb7a84bcec457af2d4e046fca9',29,'UOA-aicai_webclient-20160707172917','2016-07-07 17:47:42',61,'192.168.91.40',0,NULL,NULL,NULL),(33,'270ceea1b4622052607804560355b901',29,'UOA-aicai_webclient-20160707172917','2016-07-07 17:48:57',61,'192.168.91.40',0,NULL,NULL,NULL),(34,'61b0ce4fcc49cc3761ad1878709276ce',29,'UOA-aicai_webclient-20160707172917','2016-07-07 17:51:07',61,'192.168.91.40',0,NULL,NULL,NULL),(35,'4429338e20c63c1a142de1cc35ab04ce',29,'UOA-aicai_webclient-20160707172917','2016-07-07 17:54:22',61,'192.168.91.40',0,NULL,NULL,NULL),(36,'ae7c9397073ad17679df36017e29b0fa',29,'UOA-aicai_webclient-20160707172917','2016-07-07 17:56:21',61,'192.168.91.40',0,NULL,NULL,NULL),(37,'cd1588cc80027c5fdf00a7851640889d',29,'UOA-aicai_webclient-20160707172917','2016-07-07 17:58:42',61,'192.168.91.40',0,NULL,NULL,NULL);
/*!40000 ALTER TABLE `app_deploy_node_task` ENABLE KEYS */;
UNLOCK TABLES;

--
-- Table structure for table `app_nodes`
--

DROP TABLE IF EXISTS `app_nodes`;
/*!40101 SET @saved_cs_client     = @@character_set_client */;
/*!40101 SET character_set_client = utf8 */;
CREATE TABLE `app_nodes` (
  `id` int(11) NOT NULL AUTO_INCREMENT,
  `app_id` int(11) NOT NULL,
  `app_name` varchar(40) NOT NULL,
  `node_id` int(11) NOT NULL,
  `node_ip` varchar(40) NOT NULL,
  `business_id` int(11) NOT NULL,
  PRIMARY KEY (`id`),
  KEY `app_id` (`app_id`)
) ENGINE=MyISAM AUTO_INCREMENT=63 DEFAULT CHARSET=utf8;
/*!40101 SET character_set_client = @saved_cs_client */;

--
-- Dumping data for table `app_nodes`
--

LOCK TABLES `app_nodes` WRITE;
/*!40000 ALTER TABLE `app_nodes` DISABLE KEYS */;
INSERT INTO `app_nodes` VALUES (1,1,'didi_admin',1,'10.22.11.5',2),(2,0,'didi_data',1,'10.22.11.5',2),(3,3,'didi_provider_web',1,'10.22.11.5',2),(4,3,'didi_provider_web',5,'10.22.12.6',2),(5,3,'didi_provider_web',7,'10.22.11.7',2),(6,3,'didi_provider_web',10,'10.22.18.5',2),(7,4,'didi_data',1,'10.22.11.5',2),(8,5,'didi_adminservice',2,'10.22.12.5',2),(9,5,'didi_adminservice',3,'10.22.13.5',2),(10,7,'peizi_admin',11,'172.16.168.5',3),(11,8,'peizi_asynTask',11,'172.16.168.5',3),(12,9,'peizi_server',12,'172.16.168.6',3),(13,9,'peizi_server',13,'172.16.168.7',3),(14,9,'peizi_server',14,'172.16.168.8',3),(15,10,'peizi_interface',12,'172.16.168.6',3),(16,10,'peizi_interface',13,'172.16.168.7',3),(17,10,'peizi_interface',14,'172.16.168.8',3),(18,11,'didi_provider_client',1,'10.22.11.5',2),(19,11,'didi_provider_client',5,'10.22.12.6',2),(20,11,'didi_provider_client',15,'10.22.18.6',2),(22,7,'peizi_admin',12,'172.16.168.6',3),(23,12,'cms_amdin',12,'172.16.168.6',4),(24,13,'cms_asynTask',12,'172.16.168.6',4),(25,14,'cms_server',11,'172.16.168.5',4),(26,14,'cms_server',13,'172.16.168.7',4),(28,15,'cms_web',11,'172.16.168.5',4),(29,15,'cms_web',13,'172.16.168.7',4),(53,25,'hkstock_admin',14,'172.16.168.8',4),(31,6,'didi_service',7,'10.22.11.7',2),(32,6,'didi_service',9,'10.22.13.7',2),(33,6,'didi_service',21,'10.22.18.7',2),(34,6,'didi_service',20,'10.22.18.8',2),(35,6,'didi_service',22,'10.22.12.7',2),(36,16,'hqdata_scheduler',13,'172.16.168.7',4),(37,17,'hqdata_server',11,'172.16.168.5',4),(38,17,'hqdata_server',12,'172.16.168.6',4),(39,17,'hqdata_server',14,'172.16.168.8',4),(40,18,'hqdata_tdb',13,'172.16.168.7',4),(41,19,'hqdata_tdf',13,'172.16.168.7',4),(42,20,'promotion_admin',14,'172.16.168.8',4),(43,21,'promotion_h5',11,'172.16.168.5',4),(44,21,'promotion_h5',12,'172.16.168.6',4),(45,21,'promotion_h5',13,'172.16.168.7',4),(46,22,'promotion_server',11,'172.16.168.5',4),(47,22,'promotion_server',12,'172.16.168.6',4),(48,22,'promotion_server',13,'172.16.168.7',4),(49,23,'promotion_task',14,'172.16.168.8',4),(50,24,'peizi_wap',12,'172.16.168.6',3),(51,24,'peizi_wap',13,'172.16.168.7',3),(52,24,'peizi_wap',14,'172.16.168.8',3),(54,26,'hkstock_task',14,'172.16.168.8',4),(55,27,'hkstock_h5',11,'172.16.168.5',4),(56,27,'hkstock_h5',12,'172.16.168.6',4),(57,27,'hkstock_h5',13,'172.16.168.7',4),(58,28,'hkstock_server',11,'172.16.168.5',4),(59,28,'hkstock_server',12,'172.16.168.6',4),(60,28,'hkstock_server',13,'172.16.168.7',4),(61,29,'aicai_webclient',23,'192.168.91.40',1),(62,29,'aicai_webclient',24,'192.168.91.42',1);
/*!40000 ALTER TABLE `app_nodes` ENABLE KEYS */;
UNLOCK TABLES;

--
-- Table structure for table `app_servers`
--

DROP TABLE IF EXISTS `app_servers`;
/*!40101 SET @saved_cs_client     = @@character_set_client */;
/*!40101 SET character_set_client = utf8 */;
CREATE TABLE `app_servers` (
  `id` int(11) NOT NULL AUTO_INCREMENT,
  `server_name` varchar(40) NOT NULL,
  `inner_ip` varchar(40) DEFAULT NULL,
  `env` int(11) NOT NULL,
  `location` int(11) NOT NULL,
  `type` int(11) NOT NULL,
  `internet_ip` varchar(40) DEFAULT NULL,
  `cpu` int(11) NOT NULL,
  `ram` int(11) NOT NULL,
  `hdd` int(11) NOT NULL,
  `status` int(11) NOT NULL,
  `desc` varchar(40) DEFAULT NULL,
  `business_id` int(11) NOT NULL,
  PRIMARY KEY (`id`)
) ENGINE=MyISAM AUTO_INCREMENT=25 DEFAULT CHARSET=utf8;
/*!40101 SET character_set_client = @saved_cs_client */;

--
-- Dumping data for table `app_servers`
--

LOCK TABLES `app_servers` WRITE;
/*!40000 ALTER TABLE `app_servers` DISABLE KEYS */;
INSERT INTO `app_servers` VALUES (1,'5.lxc11.gzlg.inzwc.com','10.22.11.5',3,4,2,'',8,96,200,1,'www',2),(2,'5.lxc12.szlg.inzwc.com','10.22.12.5',3,4,2,'',8,96,200,1,'www',2),(3,'5.lxc13.szlg.inzwc.com','10.22.13.5',3,4,2,'',8,96,200,1,'www',2),(4,'6.lxc11.szlg.inzwc.com','10.22.11.6',3,4,2,'',8,96,200,1,'www',2),(5,'6.lxc12.szlg.inzwc.com','10.22.12.6',3,4,2,'',8,96,200,1,'www',2),(6,'6.lxc13.gzlg.inzwc.com','10.22.13.6',3,4,2,'',8,96,200,1,'www',2),(7,'7.lxc11.gzlg.inzwc.com','10.22.11.7',3,4,2,'',8,96,200,1,'www',2),(8,'7.lxc12.gzlg.inzwc.com','10.22.11.7',3,4,2,'',8,96,200,1,'www',2),(9,'7.lxc13.gzlg.inzwc.com','10.22.13.7',3,4,2,'',8,96,200,1,'www',2),(10,'18.5.didi.docker.szlg.inzwc.com','10.22.18.5',3,4,6,'',8,96,200,1,'www',2),(11,'5.web.aliyun.inzwc.com','172.16.168.5',3,5,6,'',4,4,150,1,'www',3),(12,'6.web.aliyun.inzwc.com','172.16.168.6',3,5,6,'',4,4,150,1,'www',3),(13,'7.web.aliyun.inzwc.com','172.16.168.7',3,5,6,'',4,4,150,1,'www',3),(14,'8.web.aliyun.inzwc.com','172.16.168.8',3,5,6,'',4,4,150,1,'www',3),(15,'18.6.didi.docker.szlg.inzwc.com','10.22.18.6',3,4,6,'',4,4,150,1,'www',2),(16,'5.web.aliyun.inzwc.com_1','172.16.168.5',3,5,6,'',4,4,150,1,'www',4),(17,'6.web.aliyun.inzwc.com_1','172.16.168.6',3,5,6,'',4,4,150,1,'www',4),(18,'7.web.aliyun.inzwc.com_1','172.16.168.7',3,5,6,'',4,4,150,1,'www',4),(19,'8.web.aliyun.inzwc.com_1','172.16.168.8',3,5,6,'',4,4,150,1,'www',4),(20,'18.8.didi.docker.szlg.inzwc.com','10.22.18.8',3,4,6,'',4,4,150,1,'www',2),(21,'18.7.didi.docker.szlg.inzwc.com','10.22.18.7',3,4,6,'',4,4,150,1,'www',2),(22,'7.lxc12.szlg.inzwc.com','10.22.12.7',3,4,2,'',4,4,150,1,'www',2),(23,'91.40-www.inzwc.com','192.168.91.40',3,0,6,'',4,4,50,1,'',1),(24,'91.42.aud2.aicai-www.inzwc.com','192.168.91.42',3,0,6,'',2,2,50,1,'www',1);
/*!40000 ALTER TABLE `app_servers` ENABLE KEYS */;
UNLOCK TABLES;

--
-- Table structure for table `app_sites`
--

DROP TABLE IF EXISTS `app_sites`;
/*!40101 SET @saved_cs_client     = @@character_set_client */;
/*!40101 SET character_set_client = utf8 */;
CREATE TABLE `app_sites` (
  `id` int(11) NOT NULL AUTO_INCREMENT,
  `site_name` varchar(40) NOT NULL,
  `status` int(11) NOT NULL,
  `business_id` int(11) DEFAULT NULL,
  `business_name` varchar(40) DEFAULT NULL,
  `create_time` datetime DEFAULT NULL,
  `flush_time` datetime DEFAULT NULL,
  PRIMARY KEY (`id`)
) ENGINE=MyISAM AUTO_INCREMENT=8503 DEFAULT CHARSET=utf8;
/*!40101 SET character_set_client = @saved_cs_client */;

--
-- Dumping data for table `app_sites`
--

LOCK TABLES `app_sites` WRITE;
/*!40000 ALTER TABLE `app_sites` DISABLE KEYS */;
INSERT INTO `app_sites` VALUES (1000,'爱彩前端',1,1,'彩票业务','2016-06-07 15:05:03','2016-06-07 15:05:03'),(2000,'爱彩后端',1,1,'彩票业务','2016-06-07 14:30:18','2016-06-07 14:30:18'),(2500,'爱彩后台',1,1,'彩票业务',NULL,NULL),(3000,'滴滴前端',1,2,'滴滴业务',NULL,NULL),(4000,'滴滴后端',1,2,'滴滴业务',NULL,NULL),(4500,'滴滴后台',1,2,'滴滴业务',NULL,NULL),(5000,'配资前端',1,3,'配资业务',NULL,NULL),(6000,'配资后端',1,3,'配资业务',NULL,NULL),(6500,'配资后台',1,3,'配资业务',NULL,NULL),(7000,'金融前端',1,4,'金融业务',NULL,NULL),(8000,'金融后端',1,4,'金融业务',NULL,NULL),(8500,'金融后台',1,4,'金融业务',NULL,NULL),(4501,'滴滴后台admin',1,2,'滴滴业务','2016-06-07 15:10:36','2016-06-07 15:10:36'),(4001,'滴滴后端独立服务',1,2,'滴滴业务','2016-06-07 15:47:28','2016-06-07 15:47:28'),(8501,'金融后台admin',1,4,'金融业务','2016-06-08 17:12:54','2016-06-08 17:12:54'),(6501,'配资后台admin',1,3,'配资业务','2016-06-08 17:14:49','2016-06-08 17:14:49'),(6001,'配资后端独立服务',1,3,'配资业务','2016-06-12 10:48:22','2016-06-12 10:48:22'),(8002,'金融后端独立服务hqdata',1,4,'金融业务','2016-06-12 14:50:03','2016-06-12 14:50:03'),(8001,'金融后端独立服务cms',1,4,'金融业务','2016-06-12 14:49:13','2016-06-12 14:49:13'),(8003,'金融后端独立服务promotion',1,4,'金融业务','2016-06-12 14:50:18','2016-06-12 14:50:18'),(8004,'金融后端独立服务hkstock',1,4,'金融业务','2016-06-13 11:40:35','2016-06-13 11:40:35');
/*!40000 ALTER TABLE `app_sites` ENABLE KEYS */;
UNLOCK TABLES;

--
-- Table structure for table `app_tomcat_his`
--

DROP TABLE IF EXISTS `app_tomcat_his`;
/*!40101 SET @saved_cs_client     = @@character_set_client */;
/*!40101 SET character_set_client = utf8 */;
CREATE TABLE `app_tomcat_his` (
  `id` int(11) NOT NULL AUTO_INCREMENT,
  `batch_id` int(11) DEFAULT NULL,
  `batch_no` varchar(40) DEFAULT NULL,
  `task_no` varchar(60) NOT NULL,
  `app_id` int(11) DEFAULT NULL,
  `app_name` varchar(40) NOT NULL,
  `create_time` datetime NOT NULL,
  `node_id` int(11) NOT NULL,
  `node_ip` varchar(40) NOT NULL,
  `app_path` varchar(100) NOT NULL,
  `tomcat_path` varchar(100) NOT NULL,
  `port` int(11) NOT NULL,
  `type` int(11) DEFAULT NULL,
  `status` int(11) DEFAULT NULL,
  `finish_time` datetime DEFAULT NULL,
  `conclusion` varchar(10) DEFAULT NULL,
  `detail` varchar(1000) DEFAULT NULL,
  PRIMARY KEY (`id`)
) ENGINE=MyISAM AUTO_INCREMENT=17 DEFAULT CHARSET=utf8;
/*!40101 SET character_set_client = @saved_cs_client */;

--
-- Dumping data for table `app_tomcat_his`
--

LOCK TABLES `app_tomcat_his` WRITE;
/*!40000 ALTER TABLE `app_tomcat_his` DISABLE KEYS */;
INSERT INTO `app_tomcat_his` VALUES (1,NULL,NULL,'TC-aicai_webclient-192-168-91-40-20160630161348',29,'aicai_webclient','2016-06-30 16:13:48',23,'192.168.91.40','/data0/www/aicai/webclient/','/data0/opt/aicai/tomcat7_webclient/',10001,2,0,NULL,NULL,NULL),(2,NULL,'TRT-aicai_webclient-20160630163441','TC-aicai_webclient-192-168-91-40-20160630163441',29,'aicai_webclient','2016-06-30 16:34:41',23,'192.168.91.40','/data0/www/aicai/webclient/','/data0/opt/aicai/tomcat7_webclient/',10001,2,0,NULL,NULL,NULL),(3,NULL,'TC-aicai_webclient-20160630163609','TC-aicai_webclient-192-168-91-40-20160630163609',29,'aicai_webclient','2016-06-30 16:36:09',23,'192.168.91.40','/data0/www/aicai/webclient/','/data0/opt/aicai/tomcat7_webclient/',10001,2,0,NULL,NULL,NULL),(4,NULL,'TC-aicai_webclient-20160630163609','TC-aicai_webclient-192-168-91-42-20160630163609',29,'aicai_webclient','2016-06-30 16:36:09',24,'192.168.91.42','/data0/www/aicai/webclient/','/data0/opt/aicai/tomcat7_webclient/',10001,2,0,NULL,NULL,NULL),(5,NULL,'TC-aicai_webclient-20160630163821','TC-aicai_webclient-192-168-91-40-20160630163821',29,'aicai_webclient','2016-06-30 16:38:21',23,'192.168.91.40','/data0/www/aicai/webclient/','/data0/opt/aicai/tomcat7_webclient/',10001,2,3,'2016-06-30 16:39:37','00111','[Tomcat启动检查]启动共有72条WARN日志|[Tomcat启动检查]启动共有7条ERROR日志|[Tomcat启动检查]启动共有7条Exception日志'),(6,NULL,'TC-aicai_webclient-20160630165709','TC-aicai_webclient-192-168-91-40-20160630165709',29,'aicai_webclient','2016-06-30 16:57:09',23,'192.168.91.40','/data0/www/aicai/webclient/','/data0/opt/aicai/tomcat7_webclient/',10001,2,3,'2016-06-30 16:58:18','00111','[Tomcat启动检查]启动共有71条WARN日志|[Tomcat启动检查]启动共有7条ERROR日志|[Tomcat启动检查]启动共有6条Exception日志'),(7,NULL,'TC-aicai_webclient-20160630165709','TC-aicai_webclient-192-168-91-42-20160630165709',29,'aicai_webclient','2016-06-30 16:57:09',24,'192.168.91.42','/data0/www/aicai/webclient/','/data0/opt/aicai/tomcat7_webclient/',10001,2,3,'2016-06-30 16:58:19','00111','[Tomcat启动检查]启动共有66条WARN日志|[Tomcat启动检查]启动共有16条ERROR日志|[Tomcat启动检查]启动共有18条Exception日志'),(8,NULL,'TC-aicai_webclient-20160630172232','TC-aicai_webclient-192-168-91-40-20160630172232',29,'aicai_webclient','2016-06-30 17:22:32',23,'192.168.91.40','/data0/www/aicai/webclient/','/data0/opt/aicai/tomcat7_webclient/',10001,2,0,NULL,NULL,NULL),(9,NULL,'TC-aicai_webclient-20160704170515','TC-aicai_webclient-192-168-91-40-20160704170515',29,'aicai_webclient','2016-07-04 17:05:15',23,'192.168.91.40','/data0/www/aicai/webclient/','/data0/opt/aicai/tomcat7_webclient/',10001,2,0,NULL,NULL,NULL),(10,NULL,'TC-aicai_webclient-20160704171009','TC-aicai_webclient-192-168-91-40-20160704171009',29,'aicai_webclient','2016-07-04 17:10:09',23,'192.168.91.40','/data0/www/aicai/webclient/','/data0/opt/aicai/tomcat7_webclient/',10001,2,0,NULL,NULL,NULL),(11,NULL,'TC-aicai_webclient-20160704171947','TC-aicai_webclient-192-168-91-40-20160704171947',29,'aicai_webclient','2016-07-04 17:19:47',23,'192.168.91.40','/data0/www/aicai/webclient/','/data0/opt/aicai/tomcat7_webclient/',10001,2,3,'2016-07-04 17:21:03','00111','[Tomcat启动检查]启动共有71条WARN日志|[Tomcat启动检查]启动共有7条ERROR日志|[Tomcat启动检查]启动共有6条Exception日志'),(12,NULL,'TC-aicai_webclient-20160704171947','TC-aicai_webclient-192-168-91-42-20160704171947',29,'aicai_webclient','2016-07-04 17:19:47',24,'192.168.91.42','/data0/www/aicai/webclient/','/data0/opt/aicai/tomcat7_webclient/',10001,2,3,'2016-07-04 17:21:04','00111','[Tomcat启动检查]启动共有66条WARN日志|[Tomcat启动检查]启动共有16条ERROR日志|[Tomcat启动检查]启动共有18条Exception日志'),(13,NULL,'TC-aicai_webclient-20160704183215','TC-aicai_webclient-192-168-91-40-20160704183215',29,'aicai_webclient','2016-07-04 18:32:15',23,'192.168.91.40','/data0/www/aicai/webclient/','/data0/opt/aicai/tomcat7_webclient/',10001,2,0,NULL,NULL,NULL),(14,NULL,'TC-aicai_webclient-20160705113825','TC-aicai_webclient-192-168-91-40-20160705113825',29,'aicai_webclient','2016-07-05 11:38:25',23,'192.168.91.40','/data0/www/aicai/webclient/','/data0/opt/aicai/tomcat7_webclient/',10001,2,0,NULL,NULL,NULL),(15,NULL,'TC-aicai_webclient-20160705115105','TC-aicai_webclient-192-168-91-40-20160705115105',29,'aicai_webclient','2016-07-05 11:51:05',23,'192.168.91.40','/data0/www/aicai/webclient/','/data0/opt/aicai/tomcat7_webclient/',10001,2,0,NULL,NULL,NULL),(16,NULL,'TC-aicai_webclient-20160705115105','TC-aicai_webclient-192-168-91-42-20160705115105',29,'aicai_webclient','2016-07-05 11:51:05',24,'192.168.91.42','/data0/www/aicai/webclient/','/data0/opt/aicai/tomcat7_webclient/',10001,2,0,NULL,NULL,NULL);
/*!40000 ALTER TABLE `app_tomcat_his` ENABLE KEYS */;
UNLOCK TABLES;

--
-- Table structure for table `app_tomcat_restart`
--

DROP TABLE IF EXISTS `app_tomcat_restart`;
/*!40101 SET @saved_cs_client     = @@character_set_client */;
/*!40101 SET character_set_client = utf8 */;
CREATE TABLE `app_tomcat_restart` (
  `id` int(11) NOT NULL AUTO_INCREMENT,
  `batch_no` varchar(40) NOT NULL,
  `app_id` int(11) NOT NULL,
  `app_name` varchar(40) NOT NULL,
  `business_id` int(11) DEFAULT NULL,
  `status` int(11) DEFAULT NULL,
  `create_time` datetime NOT NULL,
  `audit_time` datetime DEFAULT NULL,
  `finish_time` datetime DEFAULT NULL,
  `launcher` varchar(20) DEFAULT NULL,
  `auditor` varchar(20) DEFAULT NULL,
  `operator` varchar(20) DEFAULT NULL,
  `subject` varchar(200) DEFAULT NULL,
  PRIMARY KEY (`id`)
) ENGINE=MyISAM AUTO_INCREMENT=41 DEFAULT CHARSET=utf8;
/*!40101 SET character_set_client = @saved_cs_client */;

--
-- Dumping data for table `app_tomcat_restart`
--

LOCK TABLES `app_tomcat_restart` WRITE;
/*!40000 ALTER TABLE `app_tomcat_restart` DISABLE KEYS */;
INSERT INTO `app_tomcat_restart` VALUES (1,'TC-didi_provider_web-20160705150827',3,'didi_provider_web',2,0,'2016-07-05 15:08:27',NULL,NULL,'manbo.xu','mingmei.xie',NULL,NULL),(2,'TC-didi_admin-20160705151539',1,'didi_admin',2,0,'2016-07-05 15:15:39',NULL,NULL,'manbo.xu','xianzhu.peng',NULL,NULL),(3,'TC-aicai_webclient-20160705154024',29,'aicai_webclient',1,0,'2016-07-05 15:40:24',NULL,NULL,'manbo.xu','manbo.xu',NULL,''),(4,'TC-aicai_webclient-20160705154351',29,'aicai_webclient',1,0,'2016-07-05 15:43:51',NULL,NULL,'manbo.xu','manbo.xu',NULL,''),(5,'TC-aicai_webclient-20160705154739',29,'aicai_webclient',1,0,'2016-07-05 15:47:39',NULL,NULL,'manbo.xu','manbo.xu',NULL,'达到大'),(6,'TC-didi_admin-20160705154925',1,'didi_admin',2,0,'2016-07-05 15:49:25',NULL,NULL,'manbo.xu','manbo.xu',NULL,'大赛阿阿迪 '),(7,'TC-didi_admin-20160705155333',1,'didi_admin',2,0,'2016-07-05 15:53:33',NULL,NULL,'manbo.xu','manbo.xu',NULL,'DA DADAD'),(8,'TC-didi_admin-20160705155601',1,'didi_admin',2,0,'2016-07-05 15:56:01',NULL,NULL,'manbo.xu','manbo.xu',NULL,'DASDAD'),(9,'TC-aicai_webclient-20160705160030',29,'aicai_webclient',1,0,'2016-07-05 16:00:30',NULL,NULL,'manbo.xu','manbo.xu',NULL,'webclient'),(10,'TC-aicai_webclient-20160705160356',29,'aicai_webclient',1,0,'2016-07-05 16:03:56',NULL,NULL,'manbo.xu','manbo.xu',NULL,'DADA'),(11,'TC-aicai_webclient-20160705160456',29,'aicai_webclient',1,0,'2016-07-05 16:04:56',NULL,NULL,'manbo.xu','manbo.xu',NULL,'大大'),(12,'TC-aicai_webclient-20160705160513',29,'aicai_webclient',1,0,'2016-07-05 16:05:13',NULL,NULL,'manbo.xu','manbo.xu',NULL,'大大大大法官法'),(13,'TC-aicai_webclient-20160705160551',29,'aicai_webclient',1,0,'2016-07-05 16:05:51',NULL,NULL,'manbo.xu','manbo.xu',NULL,'该vasfr'),(14,'TC-aicai_webclient-20160705162602',29,'aicai_webclient',1,0,'2016-07-05 16:26:02',NULL,NULL,'manbo.xu','manbo.xu',NULL,'所'),(15,'TC-aicai_webclient-20160705164029',29,'aicai_webclient',1,0,'2016-07-05 16:40:29',NULL,NULL,'manbo.xu','manbo.xu',NULL,'webclient'),(16,'TC-didi_admin-20160705170730',1,'didi_admin',2,2,'2016-07-05 17:07:30',NULL,NULL,'manbo.xu','manbo.xu',NULL,'端阿达'),(17,'TC-didi_adminservice-20160705170841',5,'didi_adminservice',2,1,'2016-07-05 17:08:41',NULL,NULL,'manbo.xu','manbo.xu',NULL,'大大'),(18,'TC-didi_admin-20160705181448',1,'didi_admin',2,3,'2016-07-05 18:14:48',NULL,NULL,'manbo.xu','manbo.xu',NULL,'11'),(19,'TC-aicai_webclient-20160705181801',29,'aicai_webclient',1,6,'2016-07-05 18:18:01',NULL,NULL,'manbo.xu','manbo.xu',NULL,'a adada '),(20,'TC-didi_provider_web-20160705181917',3,'didi_provider_web',2,5,'2016-07-05 18:19:17',NULL,NULL,'manbo.xu','shunzhi.zhou',NULL,'dadadf '),(21,'TC-didi_provider_client-20160705183628',11,'didi_provider_client',2,4,'2016-07-05 18:36:28',NULL,NULL,'manbo.xu','manbo.xu',NULL,'滴滴'),(22,'TC-didi_admin-20160706154025',1,'didi_admin',2,3,'2016-07-06 15:40:25',NULL,NULL,'manbo.xu','mingmei.xie',NULL,'8888888888'),(23,'TC-aicai_webclient-20160706160610',29,'aicai_webclient',1,2,'2016-07-06 16:06:10',NULL,NULL,'manbo.xu','manbo.xu',NULL,''),(24,'TC-didi_admin-20160707154808',1,'didi_admin',2,1,'2016-07-07 15:48:08',NULL,NULL,'manbo.xu','manbo.xu',NULL,'dada'),(25,'TC-didi_admin-20160707163130',1,'didi_admin',2,2,'2016-07-07 16:31:30','2016-07-07 16:31:47',NULL,'manbo.xu','manbo.xu',NULL,'dad'),(26,'TC-aicai_webclient-20160707163428',29,'aicai_webclient',1,2,'2016-07-07 16:34:28','2016-07-07 16:34:37',NULL,'manbo.xu','manbo.xu',NULL,'aicai'),(27,'TC-aicai_webclient-20160707163836',29,'aicai_webclient',1,2,'2016-07-07 16:38:36','2016-07-07 16:50:45',NULL,'manbo.xu','mingmei.xie',NULL,'dada'),(28,'TC-aicai_webclient-20160707164555',29,'aicai_webclient',1,2,'2016-07-07 16:45:55','2016-07-07 16:46:06',NULL,'manbo.xu','manbo.xu',NULL,'42313'),(29,'TC-aicai_webclient-20160707164916',29,'aicai_webclient',1,2,'2016-07-07 16:49:16','2016-07-07 16:49:21',NULL,'manbo.xu','manbo.xu',NULL,'dadad'),(30,'TC-aicai_webclient-20160707165126',29,'aicai_webclient',1,2,'2016-07-07 16:51:26','2016-07-07 16:56:11',NULL,'manbo.xu','manbo.xu',NULL,'dada'),(31,'TC-aicai_webclient-20160707165700',29,'aicai_webclient',1,2,'2016-07-07 16:57:00','2016-07-07 16:57:06',NULL,'manbo.xu','mingmei.xie',NULL,'dada'),(32,'TC-aicai_webclient-20160707165850',29,'aicai_webclient',1,2,'2016-07-07 16:58:50','2016-07-07 16:58:55',NULL,'manbo.xu','shunzhi.zhou',NULL,'aicai'),(33,'TC-aicai_webclient-20160707170222',29,'aicai_webclient',1,2,'2016-07-07 17:02:22','2016-07-07 17:02:27',NULL,'manbo.xu','manbo.xu',NULL,'dadada'),(34,'TC-aicai_webclient-20160707170634',29,'aicai_webclient',1,1,'2016-07-07 17:06:34','2016-07-07 17:06:38','2016-07-07 17:06:38','manbo.xu','manbo.xu',NULL,'dadada'),(35,'TC-didi_admin-20160707170701',1,'didi_admin',2,2,'2016-07-07 17:07:01','2016-07-07 17:07:05',NULL,'manbo.xu','manbo.xu',NULL,'dsdada'),(36,'TC-didi_adminservice-20160707170832',5,'didi_adminservice',2,1,'2016-07-07 17:08:32','2016-07-07 17:08:36','2016-07-07 17:08:36','manbo.xu','shunzhi.zhou',NULL,'dadad'),(37,'TC-aicai_webclient-20160707171121',29,'aicai_webclient',1,6,'2016-07-07 17:11:21','2016-07-07 17:11:34','2016-07-07 17:11:36','manbo.xu','shunzhi.zhou',NULL,'1131'),(38,'TC-didi_service-20160707171158',6,'didi_service',2,6,'2016-07-07 17:11:58','2016-07-07 17:12:02','2016-07-07 17:12:07','manbo.xu','manbo.xu',NULL,'dada'),(39,'TC-aicai_webclient-20160707171324',29,'aicai_webclient',1,2,'2016-07-07 17:13:24','2016-07-07 17:13:49',NULL,'manbo.xu','manbo.xu',NULL,'dadada'),(40,'TC-aicai_webclient-20160707171936',29,'aicai_webclient',1,6,'2016-07-07 17:19:36','2016-07-07 17:19:41','2016-07-07 17:43:01','manbo.xu','manbo.xu',NULL,'dada');
/*!40000 ALTER TABLE `app_tomcat_restart` ENABLE KEYS */;
UNLOCK TABLES;

--
-- Table structure for table `apps`
--

DROP TABLE IF EXISTS `apps`;
/*!40101 SET @saved_cs_client     = @@character_set_client */;
/*!40101 SET character_set_client = utf8 */;
CREATE TABLE `apps` (
  `id` int(11) NOT NULL AUTO_INCREMENT,
  `app_name` varchar(40) NOT NULL,
  `status` smallint(6) DEFAULT NULL,
  `app_path` varchar(100) NOT NULL,
  `tomcat_path` varchar(100) NOT NULL,
  `port` int(11) NOT NULL,
  `shutdown_port` int(11) NOT NULL,
  `site` int(11) DEFAULT NULL,
  `rsync_path_name` int(11) NOT NULL,
  `svn_url` varchar(100) DEFAULT NULL,
  `mvn_command` varchar(100) DEFAULT NULL,
  `java_opts` varchar(400) DEFAULT NULL,
  `desc` varchar(400) DEFAULT NULL,
  `business_id` int(11) NOT NULL,
  PRIMARY KEY (`id`)
) ENGINE=MyISAM AUTO_INCREMENT=30 DEFAULT CHARSET=utf8;
/*!40101 SET character_set_client = @saved_cs_client */;

--
-- Dumping data for table `apps`
--

LOCK TABLES `apps` WRITE;
/*!40000 ALTER TABLE `apps` DISABLE KEYS */;
INSERT INTO `apps` VALUES (1,'didi_admin',1,'/data0/www/didi/admin/','/data0/opt/didi/tomcat7_admin/',12102,22102,4501,0,'',NULL,NULL,'admin',2),(4,'didi_data',1,'/data0/www/didi/data/','/data0/opt/didi/tomcat7_data/',12121,22121,3000,0,NULL,NULL,NULL,'data',2),(3,'didi_provider_web',1,'/data0/www/didi/provider_web/','/data0/opt/didi/tomcat7_provider_web/',12110,22110,3000,0,NULL,NULL,NULL,'provider_web',2),(5,'didi_adminservice',1,'/data0/www/didi/adminservice/','/data0/opt/didi/tomcat7_adminservice/',12101,22101,4001,0,NULL,NULL,NULL,'didi_adminservice',2),(6,'didi_service',1,'/data0/www/didi/service/','/data0/opt/didi/tomcat7_service/',12104,22104,4001,0,NULL,NULL,NULL,'didi_service',2),(7,'peizi_admin',1,'/data0/www/peizi/admin/','/data0/opt/peizi/tomcat7_admin/',14109,24109,6501,0,'',NULL,NULL,'admin',3),(8,'peizi_asynTask',1,'/data0/www/peizi/asynTask/','/data0/opt/peizi/tomcat7_asynTask/',14218,24218,6001,0,NULL,NULL,NULL,'peizi_asynTask',3),(9,'peizi_server',1,'/data0/www/peizi/server/','/data0/opt/peizi/tomcat7_server/',14103,24103,6001,0,NULL,NULL,NULL,'peizi-server',3),(10,'peizi_interface',1,'/data0/www/peizi/interface/','/data0/opt/peizi/tomcat7_interface/',14102,24102,6001,0,NULL,NULL,NULL,'peizi_interface',3),(11,'didi_provider_client',1,'/data0/www/didi/provider_client/','/data0/opt/didi/tomcat7_provider_client/',12122,22122,3000,0,'',NULL,NULL,'didi_provider_client',2),(12,'cms_amdin',1,'/data0/www/cms/admin/','/data0/opt/cms/tomcat7_admin/',13004,23004,8001,0,'',NULL,NULL,'cms_amdin',4),(13,'cms_asynTask',1,'/data0/www/cms/asynTask/','/data0/opt/cms/tomcat7_asynTask/',13003,23003,8001,0,NULL,NULL,NULL,'cms_asynTask',4),(14,'cms_server',1,'/data0/www/cms/server/','/data0/opt/cms/tomcat7_server/',13002,23002,8001,0,NULL,NULL,NULL,'cms_server',4),(15,'cms_web',1,'/data0/www/cms/web/','/data0/opt/cms/tomcat7_web/',13001,23001,8001,0,'',NULL,NULL,'cms_web',4),(16,'hqdata_scheduler',1,'/data0/www/hqdata/scheduler/','/data0/opt/hqdata/tomcat7_scheduler/',15002,25002,8002,0,NULL,NULL,NULL,'hqdata_scheduler',4),(17,'hqdata_server',1,'/data0/www/hqdata/server/','/data0/opt/hqdata/tomcat7_server/',15001,25001,8002,0,NULL,NULL,NULL,'hqdata_server',4),(18,'hqdata_tdb',1,'/data0/www/hqdata/tdb/','/data0/opt/hqdata/tomcat7_tdb/',15004,25004,8002,0,NULL,NULL,NULL,'hqdata_tdb',4),(19,'hqdata_tdf',1,'/data0/www/hqdata/tdf','/data0/opt/hqdata/tomcat7_tdf/',15003,25003,8002,0,NULL,NULL,NULL,'hqdata_tdf',4),(20,'promotion_admin',1,'/data0/www/promotion/admin/','/data0/opt/promotion/tomcat7_admin/',14123,24123,8003,0,NULL,NULL,NULL,'promotion_admin',4),(21,'promotion_h5',1,'/data0/www/promotion/h5/','/data0/opt/promotion/tomcat7_h5/',14120,24120,8003,0,NULL,NULL,NULL,'promotion_h5',4),(22,'promotion_server',1,'/data0/www/promotion/server','/data0/opt/promotion/tomcat7_server/',14121,24121,8003,0,NULL,NULL,NULL,'promotion_server',4),(23,'promotion_task',1,'/data0/www/promotion/task/','/data0/opt/promotion/tomcat7_task/',14122,24122,8003,0,NULL,NULL,NULL,'promotion_task',4),(24,'peizi_wap',1,'/data0/www/peizi/wap/','/data0/opt/peizi/tomcat7_wap/',14105,24105,5000,0,NULL,NULL,NULL,'peizi_wap',3),(25,'hkstock_admin',1,'/data0/www/hkstock/admin/','/data0/opt/hkstock/tomcat7_admin/',15101,25101,8004,0,NULL,NULL,NULL,'hkstock_admin',4),(26,'hkstock_task',1,'/data0/www/hkstock/task','/data0/opt/hkstock/tomcat7_task/',15104,25104,8004,0,NULL,NULL,NULL,'hkstock_task',4),(27,'hkstock_h5',1,'/data0/www/hkstock/h5/','/data0/opt/hkstock/tomcat7_h5/',15103,25103,8004,0,NULL,NULL,NULL,'hkstock-h5',4),(28,'hkstock_server',1,'/data0/www/hkstock/server/','/data0/opt/hkstock/tomcat7_server/',15102,25102,8004,0,NULL,NULL,NULL,'hkstock-server',4),(29,'aicai_webclient',1,'/data0/www/aicai/webclient/','/data0/opt/aicai/tomcat7_webclient/',10001,20001,1000,0,'',NULL,NULL,'aicai_webclient',1);
/*!40000 ALTER TABLE `apps` ENABLE KEYS */;
UNLOCK TABLES;

--
-- Table structure for table `business`
--

DROP TABLE IF EXISTS `business`;
/*!40101 SET @saved_cs_client     = @@character_set_client */;
/*!40101 SET character_set_client = utf8 */;
CREATE TABLE `business` (
  `id` int(11) NOT NULL AUTO_INCREMENT,
  `business_name` varchar(40) NOT NULL,
  `desc` varchar(600) DEFAULT NULL,
  `beta_ip` varchar(40) NOT NULL,
  `redis_ip` varchar(40) NOT NULL,
  `redis_port` int(11) DEFAULT NULL,
  `redis_db` int(11) DEFAULT NULL,
  PRIMARY KEY (`id`)
) ENGINE=InnoDB AUTO_INCREMENT=5 DEFAULT CHARSET=utf8;
/*!40101 SET character_set_client = @saved_cs_client */;

--
-- Dumping data for table `business`
--

LOCK TABLES `business` WRITE;
/*!40000 ALTER TABLE `business` DISABLE KEYS */;
INSERT INTO `business` VALUES (1,'彩票业务','彩票业务','192.168.91.41','192.168.91.41',6379,1),(2,'滴滴业务','滴滴业务','192.168.91.230','192.168.91.230',6379,1),(3,'配资业务','配资业务','172.16.168.9','172.16.168.9',6379,1),(4,'金融业务','金融业务','172.16.168.9','172.16.168.9',6379,1);
/*!40000 ALTER TABLE `business` ENABLE KEYS */;
UNLOCK TABLES;

--
-- Table structure for table `deploy_batch_remarks`
--

DROP TABLE IF EXISTS `deploy_batch_remarks`;
/*!40101 SET @saved_cs_client     = @@character_set_client */;
/*!40101 SET character_set_client = utf8 */;
CREATE TABLE `deploy_batch_remarks` (
  `id` int(11) NOT NULL AUTO_INCREMENT,
  `batch_id` int(11) NOT NULL,
  `uid` varchar(20) DEFAULT NULL,
  `create_time` datetime NOT NULL,
  `content` varchar(1000) DEFAULT NULL,
  PRIMARY KEY (`id`)
) ENGINE=MyISAM DEFAULT CHARSET=utf8;
/*!40101 SET character_set_client = @saved_cs_client */;

--
-- Dumping data for table `deploy_batch_remarks`
--

LOCK TABLES `deploy_batch_remarks` WRITE;
/*!40000 ALTER TABLE `deploy_batch_remarks` DISABLE KEYS */;
/*!40000 ALTER TABLE `deploy_batch_remarks` ENABLE KEYS */;
UNLOCK TABLES;

--
-- Table structure for table `message_log`
--

DROP TABLE IF EXISTS `message_log`;
/*!40101 SET @saved_cs_client     = @@character_set_client */;
/*!40101 SET character_set_client = utf8 */;
CREATE TABLE `message_log` (
  `id` int(11) NOT NULL AUTO_INCREMENT,
  `receiver` varchar(20) DEFAULT NULL,
  `create_time` datetime DEFAULT NULL,
  `status` int(11) DEFAULT NULL,
  `type` int(11) DEFAULT NULL,
  `ext_info` varchar(60) DEFAULT NULL,
  `mes_content` varchar(600) DEFAULT NULL,
  PRIMARY KEY (`id`)
) ENGINE=MyISAM AUTO_INCREMENT=195 DEFAULT CHARSET=utf8;
/*!40101 SET character_set_client = @saved_cs_client */;

--
-- Dumping data for table `message_log`
--

LOCK TABLES `message_log` WRITE;
/*!40000 ALTER TABLE `message_log` DISABLE KEYS */;
INSERT INTO `message_log` VALUES (1,'manbo.xu','2016-06-07 15:32:42',0,0,'UOI-didi_admin-20160607153241','UOI-didi_admin-20160607153241待审批'),(2,'manbo.xu','2016-06-07 15:32:42',1,1,'UOI-didi_admin-20160607153241','UOI-didi_admin-20160607153241待审批'),(3,'manbo.xu','2016-06-07 15:33:10',0,0,'UOI-didi_admin-20160607153241','UOI-didi_admin-20160607153241审批通过'),(4,'manbo.xu','2016-06-07 15:33:10',1,1,'UOI-didi_admin-20160607153241','UOI-didi_admin-20160607153241审批通过'),(5,'manbo.xu','2016-06-07 15:40:52',0,0,'UOI-didi_data-20160607154051','UOI-didi_data-20160607154051待审批'),(6,'manbo.xu','2016-06-07 15:40:52',1,1,'UOI-didi_data-20160607154051','UOI-didi_data-20160607154051待审批'),(7,'manbo.xu','2016-06-07 15:41:13',0,0,'UOI-didi_data-20160607154051','UOI-didi_data-20160607154051审批通过'),(8,'manbo.xu','2016-06-07 15:41:13',1,1,'UOI-didi_data-20160607154051','UOI-didi_data-20160607154051审批通过'),(9,'manbo.xu','2016-06-07 16:10:34',0,0,'UOA-didi_data-20160607161034','UOA-didi_data-20160607161034待审批'),(10,'manbo.xu','2016-06-07 16:10:34',1,1,'UOA-didi_data-20160607161034','UOA-didi_data-20160607161034待审批'),(11,'shunzhi.zhou','2016-06-07 16:10:38',0,0,'UOA-didi_data-20160607161034','UOA-didi_data-20160607161034审批通过'),(12,'shunzhi.zhou','2016-06-07 16:10:38',1,1,'UOA-didi_data-20160607161034','UOA-didi_data-20160607161034审批通过'),(13,'manbo.xu','2016-06-08 17:24:38',0,0,'UOI-peizi_admin-20160608172438','UOI-peizi_admin-20160608172438待审批'),(14,'manbo.xu','2016-06-08 17:24:38',1,1,'UOI-peizi_admin-20160608172438','UOI-peizi_admin-20160608172438待审批'),(15,'manbo.xu','2016-06-08 17:25:15',0,0,'UOI-peizi_admin-20160608172438','UOI-peizi_admin-20160608172438审批通过'),(16,'manbo.xu','2016-06-08 17:25:15',1,1,'UOI-peizi_admin-20160608172438','UOI-peizi_admin-20160608172438审批通过'),(17,'manbo.xu','2016-06-08 17:33:41',0,0,'UOI-peizi_admin-20160608173340','UOI-peizi_admin-20160608173340待审批'),(18,'manbo.xu','2016-06-08 17:33:41',1,1,'UOI-peizi_admin-20160608173340','UOI-peizi_admin-20160608173340待审批'),(19,'manbo.xu','2016-06-08 17:34:24',0,0,'UOI-peizi_admin-20160608173340','UOI-peizi_admin-20160608173340审批通过'),(20,'manbo.xu','2016-06-08 17:34:24',1,1,'UOI-peizi_admin-20160608173340','UOI-peizi_admin-20160608173340审批通过'),(21,'manbo.xu','2016-06-08 18:04:44',0,0,'UOI-peizi_admin-20160608180443','UOI-peizi_admin-20160608180443待审批'),(22,'manbo.xu','2016-06-08 18:04:44',1,1,'UOI-peizi_admin-20160608180443','UOI-peizi_admin-20160608180443待审批'),(23,'manbo.xu','2016-06-08 18:05:11',0,0,'UOI-peizi_admin-20160608180443','UOI-peizi_admin-20160608180443审批通过'),(24,'manbo.xu','2016-06-08 18:05:11',1,1,'UOI-peizi_admin-20160608180443','UOI-peizi_admin-20160608180443审批通过'),(25,'manbo.xu','2016-06-08 18:06:26',0,0,'UOI-peizi_admin-20160608180626','UOI-peizi_admin-20160608180626待审批'),(26,'manbo.xu','2016-06-08 18:06:26',1,1,'UOI-peizi_admin-20160608180626','UOI-peizi_admin-20160608180626待审批'),(27,'manbo.xu','2016-06-08 18:06:34',0,0,'UOI-peizi_admin-20160608180626','UOI-peizi_admin-20160608180626审批通过'),(28,'manbo.xu','2016-06-08 18:06:34',1,1,'UOI-peizi_admin-20160608180626','UOI-peizi_admin-20160608180626审批通过'),(29,'manbo.xu','2016-06-10 19:41:43',0,0,'UOI-peizi_admin-20160610194143','UOI-peizi_admin-20160610194143待审批'),(30,'manbo.xu','2016-06-10 19:41:43',1,1,'UOI-peizi_admin-20160610194143','UOI-peizi_admin-20160610194143待审批'),(31,'manbo.xu','2016-06-10 19:41:51',0,0,'UOI-peizi_admin-20160610194143','UOI-peizi_admin-20160610194143审批通过'),(32,'manbo.xu','2016-06-10 19:41:51',1,1,'UOI-peizi_admin-20160610194143','UOI-peizi_admin-20160610194143审批通过'),(33,'manbo.xu','2016-06-12 09:53:27',0,0,'UOI-peizi_admin-20160612095326','UOI-peizi_admin-20160612095326待审批'),(34,'manbo.xu','2016-06-12 09:53:27',1,1,'UOI-peizi_admin-20160612095326','UOI-peizi_admin-20160612095326待审批'),(35,'manbo.xu','2016-06-12 09:53:35',0,0,'UOI-peizi_admin-20160612095326','UOI-peizi_admin-20160612095326审批通过'),(36,'manbo.xu','2016-06-12 09:53:35',1,1,'UOI-peizi_admin-20160612095326','UOI-peizi_admin-20160612095326审批通过'),(37,'manbo.xu','2016-06-12 10:14:20',0,0,'UOI-peizi_admin-20160612101419','UOI-peizi_admin-20160612101419待审批'),(38,'manbo.xu','2016-06-12 10:14:20',1,1,'UOI-peizi_admin-20160612101419','UOI-peizi_admin-20160612101419待审批'),(39,'manbo.xu','2016-06-12 10:14:26',0,0,'UOI-peizi_admin-20160612101419','UOI-peizi_admin-20160612101419审批通过'),(40,'manbo.xu','2016-06-12 10:14:26',1,1,'UOI-peizi_admin-20160612101419','UOI-peizi_admin-20160612101419审批通过'),(41,'manbo.xu','2016-06-12 10:16:16',0,0,'UOI-peizi_admin-20160612101615','UOI-peizi_admin-20160612101615待审批'),(42,'manbo.xu','2016-06-12 10:16:16',1,1,'UOI-peizi_admin-20160612101615','UOI-peizi_admin-20160612101615待审批'),(43,'manbo.xu','2016-06-12 10:16:22',0,0,'UOI-peizi_admin-20160612101615','UOI-peizi_admin-20160612101615审批通过'),(44,'manbo.xu','2016-06-12 10:16:22',1,1,'UOI-peizi_admin-20160612101615','UOI-peizi_admin-20160612101615审批通过'),(45,'manbo.xu','2016-06-12 10:19:23',0,0,'UOI-peizi_admin-20160612101923','UOI-peizi_admin-20160612101923待审批'),(46,'manbo.xu','2016-06-12 10:19:23',1,1,'UOI-peizi_admin-20160612101923','UOI-peizi_admin-20160612101923待审批'),(47,'manbo.xu','2016-06-12 10:19:28',0,0,'UOI-peizi_admin-20160612101923','UOI-peizi_admin-20160612101923审批通过'),(48,'manbo.xu','2016-06-12 10:19:28',1,1,'UOI-peizi_admin-20160612101923','UOI-peizi_admin-20160612101923审批通过'),(49,'manbo.xu','2016-06-12 13:47:13',0,0,'UOA-peizi_admin-20160612134713','UOA-peizi_admin-20160612134713待审批'),(50,'manbo.xu','2016-06-12 13:47:13',1,1,'UOA-peizi_admin-20160612134713','UOA-peizi_admin-20160612134713待审批'),(51,'manbo.xu','2016-06-12 13:47:17',0,0,'UOA-peizi_admin-20160612134713','UOA-peizi_admin-20160612134713审批通过'),(52,'manbo.xu','2016-06-12 13:47:17',1,1,'UOA-peizi_admin-20160612134713','UOA-peizi_admin-20160612134713审批通过'),(53,'manbo.xu','2016-06-12 15:15:33',0,0,'UOA-didi_service-20160612151533','UOA-didi_service-20160612151533待审批'),(54,'manbo.xu','2016-06-12 15:15:33',1,1,'UOA-didi_service-20160612151533','UOA-didi_service-20160612151533待审批'),(55,'shunzhi.zhou','2016-06-12 15:15:38',0,0,'UOA-didi_service-20160612151533','UOA-didi_service-20160612151533审批通过'),(56,'shunzhi.zhou','2016-06-12 15:15:38',1,1,'UOA-didi_service-20160612151533','UOA-didi_service-20160612151533审批通过'),(57,'manbo.xu','2016-06-14 13:45:46',0,0,'UOI-hkstock_admin-20160614134545','UOI-hkstock_admin-20160614134545待审批'),(58,'manbo.xu','2016-06-14 13:45:46',1,1,'UOI-hkstock_admin-20160614134545','UOI-hkstock_admin-20160614134545待审批'),(59,'manbo.xu','2016-06-14 13:45:54',0,0,'UOI-hkstock_admin-20160614134545','UOI-hkstock_admin-20160614134545审批通过'),(60,'manbo.xu','2016-06-14 13:45:54',1,1,'UOI-hkstock_admin-20160614134545','UOI-hkstock_admin-20160614134545审批通过'),(61,'manbo.xu','2016-06-14 13:47:21',0,0,'UOI-hkstock_admin-20160614134720','UOI-hkstock_admin-20160614134720待审批'),(62,'manbo.xu','2016-06-14 13:47:21',1,1,'UOI-hkstock_admin-20160614134720','UOI-hkstock_admin-20160614134720待审批'),(63,'manbo.xu','2016-06-14 13:47:27',0,0,'UOI-hkstock_admin-20160614134720','UOI-hkstock_admin-20160614134720审批通过'),(64,'manbo.xu','2016-06-14 13:47:27',1,1,'UOI-hkstock_admin-20160614134720','UOI-hkstock_admin-20160614134720审批通过'),(65,'manbo.xu','2016-06-14 14:11:18',0,0,'UOI-didi_data-20160614141117','UOI-didi_data-20160614141117待审批'),(66,'manbo.xu','2016-06-14 14:11:18',1,1,'UOI-didi_data-20160614141117','UOI-didi_data-20160614141117待审批'),(67,'manbo.xu','2016-06-14 14:42:01',0,0,'UOI-didi_data-20160614144200','UOI-didi_data-20160614144200待审批'),(68,'manbo.xu','2016-06-14 14:42:01',1,1,'UOI-didi_data-20160614144200','UOI-didi_data-20160614144200待审批'),(69,'manbo.xu','2016-06-14 14:43:39',0,0,'UOI-didi_data-20160614144200','UOI-didi_data-20160614144200审批通过'),(70,'manbo.xu','2016-06-14 14:43:39',1,1,'UOI-didi_data-20160614144200','UOI-didi_data-20160614144200审批通过'),(71,'manbo.xu','2016-06-14 14:45:44',0,0,'UOI-didi_data-20160614144543','UOI-didi_data-20160614144543待审批'),(72,'manbo.xu','2016-06-14 14:45:44',1,1,'UOI-didi_data-20160614144543','UOI-didi_data-20160614144543待审批'),(73,'manbo.xu','2016-06-14 14:45:51',0,0,'UOI-didi_data-20160614144543','UOI-didi_data-20160614144543审批通过'),(74,'manbo.xu','2016-06-14 14:45:51',1,1,'UOI-didi_data-20160614144543','UOI-didi_data-20160614144543审批通过'),(75,'manbo.xu','2016-06-24 10:48:42',0,0,'UOA-didi_admin-20160624104842','UOA-didi_admin-20160624104842待审批'),(76,'manbo.xu','2016-06-24 10:48:42',1,1,'UOA-didi_admin-20160624104842','UOA-didi_admin-20160624104842待审批'),(77,'manbo.xu','2016-06-29 15:40:34',0,0,'UOA-didi_admin-20160629154034','UOA-didi_admin-20160629154034待审批'),(78,'manbo.xu','2016-06-29 15:40:34',1,1,'UOA-didi_admin-20160629154034','UOA-didi_admin-20160629154034待审批'),(79,'mingmei.xie','2016-06-30 14:46:58',0,0,'UOA-aicai_webclient-20160630144658','UOA-aicai_webclient-20160630144658待审批'),(80,'mingmei.xie','2016-06-30 14:46:58',1,1,'UOA-aicai_webclient-20160630144658','UOA-aicai_webclient-20160630144658待审批'),(81,'mingmei.xie','2016-07-05 15:08:27',0,0,'TC-didi_provider_web-20160705150827','TC-didi_provider_web-20160705150827待审批'),(82,'mingmei.xie','2016-07-05 15:08:27',1,1,'TC-didi_provider_web-20160705150827','TC-didi_provider_web-20160705150827待审批'),(83,'manbo.xu','2016-07-05 15:49:25',0,0,'TC-didi_admin-20160705154925','TC-didi_admin-20160705154925待审批'),(84,'manbo.xu','2016-07-05 15:49:25',1,1,'TC-didi_admin-20160705154925','TC-didi_admin-20160705154925待审批'),(85,'manbo.xu','2016-07-05 15:53:33',0,0,'TC-didi_admin-20160705155333','TC-didi_admin-20160705155333待审批'),(86,'manbo.xu','2016-07-05 15:53:33',1,1,'TC-didi_admin-20160705155333','TC-didi_admin-20160705155333待审批'),(87,'manbo.xu','2016-07-05 15:56:01',0,0,'TC-didi_admin-20160705155601','TC-didi_admin-20160705155601待审批'),(88,'manbo.xu','2016-07-05 15:56:01',1,1,'TC-didi_admin-20160705155601','TC-didi_admin-20160705155601待审批'),(89,'manbo.xu','2016-07-05 16:00:30',0,0,'TC-aicai_webclient-20160705160030','TC-aicai_webclient-20160705160030待审批'),(90,'manbo.xu','2016-07-05 16:00:30',1,1,'TC-aicai_webclient-20160705160030','TC-aicai_webclient-20160705160030待审批'),(91,'manbo.xu','2016-07-05 16:03:56',0,0,'TC-aicai_webclient-20160705160356','TC-aicai_webclient-20160705160356待审批'),(92,'manbo.xu','2016-07-05 16:03:56',1,1,'TC-aicai_webclient-20160705160356','TC-aicai_webclient-20160705160356待审批'),(93,'manbo.xu','2016-07-05 16:04:56',0,0,'TC-aicai_webclient-20160705160456','TC-aicai_webclient-20160705160456待审批'),(94,'manbo.xu','2016-07-05 16:04:56',1,1,'TC-aicai_webclient-20160705160456','TC-aicai_webclient-20160705160456待审批'),(95,'manbo.xu','2016-07-05 16:05:13',0,0,'TC-aicai_webclient-20160705160513','TC-aicai_webclient-20160705160513待审批'),(96,'manbo.xu','2016-07-05 16:05:13',1,1,'TC-aicai_webclient-20160705160513','TC-aicai_webclient-20160705160513待审批'),(97,'manbo.xu','2016-07-05 16:05:51',0,0,'TC-aicai_webclient-20160705160551','TC-aicai_webclient-20160705160551待审批'),(98,'manbo.xu','2016-07-05 16:05:51',1,1,'TC-aicai_webclient-20160705160551','TC-aicai_webclient-20160705160551待审批'),(99,'manbo.xu','2016-07-05 16:26:02',0,0,'TC-aicai_webclient-20160705162602','TC-aicai_webclient-20160705162602待审批'),(100,'manbo.xu','2016-07-05 16:26:02',1,1,'TC-aicai_webclient-20160705162602','TC-aicai_webclient-20160705162602待审批'),(101,'manbo.xu','2016-07-05 16:40:29',0,0,'TC-aicai_webclient-20160705164029','TC-aicai_webclient-20160705164029待审批'),(102,'manbo.xu','2016-07-05 16:40:29',1,1,'TC-aicai_webclient-20160705164029','TC-aicai_webclient-20160705164029待审批'),(103,'manbo.xu','2016-07-05 17:07:30',0,0,'TC-didi_admin-20160705170730','TC-didi_admin-20160705170730待审批'),(104,'manbo.xu','2016-07-05 17:07:30',1,1,'TC-didi_admin-20160705170730','TC-didi_admin-20160705170730待审批'),(105,'manbo.xu','2016-07-05 17:08:41',0,0,'TC-didi_adminservice-20160705170841','TC-didi_adminservice-20160705170841待审批'),(106,'manbo.xu','2016-07-05 17:08:41',1,1,'TC-didi_adminservice-20160705170841','TC-didi_adminservice-20160705170841待审批'),(107,'manbo.xu','2016-07-05 18:14:48',0,0,'TC-didi_admin-20160705181448','TC-didi_admin-20160705181448待审批'),(108,'manbo.xu','2016-07-05 18:14:48',1,1,'TC-didi_admin-20160705181448','TC-didi_admin-20160705181448待审批'),(109,'manbo.xu','2016-07-05 18:18:01',0,0,'TC-aicai_webclient-20160705181801','TC-aicai_webclient-20160705181801待审批'),(110,'manbo.xu','2016-07-05 18:18:01',1,1,'TC-aicai_webclient-20160705181801','TC-aicai_webclient-20160705181801待审批'),(111,'shunzhi.zhou','2016-07-05 18:19:17',0,0,'TC-didi_provider_web-20160705181917','TC-didi_provider_web-20160705181917待审批'),(112,'shunzhi.zhou','2016-07-05 18:19:17',1,1,'TC-didi_provider_web-20160705181917','TC-didi_provider_web-20160705181917待审批'),(113,'manbo.xu','2016-07-05 18:24:35',0,0,'UOA-aicai_webclient-20160630144658','UOA-aicai_webclient-20160630144658审批通过'),(114,'manbo.xu','2016-07-05 18:24:35',1,1,'UOA-aicai_webclient-20160630144658','UOA-aicai_webclient-20160630144658审批通过'),(115,'manbo.xu','2016-07-05 18:36:28',0,0,'TC-didi_provider_client-20160705183628','TC-didi_provider_client-20160705183628待审批'),(116,'manbo.xu','2016-07-05 18:36:28',1,1,'TC-didi_provider_client-20160705183628','TC-didi_provider_client-20160705183628待审批'),(117,'mingmei.xie','2016-07-06 15:40:25',0,0,'TC-didi_admin-20160706154025','TC-didi_admin-20160706154025待审批'),(118,'mingmei.xie','2016-07-06 15:40:25',1,1,'TC-didi_admin-20160706154025','TC-didi_admin-20160706154025待审批'),(119,'manbo.xu','2016-07-06 16:06:10',0,0,'TC-aicai_webclient-20160706160610','TC-aicai_webclient-20160706160610待审批'),(120,'manbo.xu','2016-07-06 16:06:10',1,1,'TC-aicai_webclient-20160706160610','TC-aicai_webclient-20160706160610待审批'),(121,'manbo.xu','2016-07-07 15:36:21',0,0,'UOA-aicai_webclient-20160707153621','UOA-aicai_webclient-20160707153621待审批'),(122,'manbo.xu','2016-07-07 15:36:21',1,1,'UOA-aicai_webclient-20160707153621','UOA-aicai_webclient-20160707153621待审批'),(123,'manbo.xu','2016-07-07 15:45:43',0,0,'UOA-aicai_webclient-20160707153621','UOA-aicai_webclient-20160707153621审批通过'),(124,'manbo.xu','2016-07-07 15:45:43',1,1,'UOA-aicai_webclient-20160707153621','UOA-aicai_webclient-20160707153621审批通过'),(125,'manbo.xu','2016-07-07 15:47:52',0,0,'UOA-didi_admin-20160629154034','UOA-didi_admin-20160629154034审批未通过'),(126,'manbo.xu','2016-07-07 15:47:52',0,0,'UOA-didi_admin-20160629154034','UOA-didi_admin-20160629154034审批未通过'),(127,'manbo.xu','2016-07-07 15:47:52',1,1,'UOA-didi_admin-20160629154034','UOA-didi_admin-20160629154034审批未通过'),(128,'manbo.xu','2016-07-07 15:47:52',1,1,'UOA-didi_admin-20160629154034','UOA-didi_admin-20160629154034审批未通过'),(129,'manbo.xu','2016-07-07 15:48:08',0,0,'TC-didi_admin-20160707154808','TC-didi_admin-20160707154808待审批'),(130,'manbo.xu','2016-07-07 15:48:08',1,1,'TC-didi_admin-20160707154808','TC-didi_admin-20160707154808待审批'),(131,'manbo.xu','2016-07-07 16:31:30',0,0,'TC-didi_admin-20160707163130','TC-didi_admin-20160707163130待审批'),(132,'manbo.xu','2016-07-07 16:31:30',1,1,'TC-didi_admin-20160707163130','TC-didi_admin-20160707163130待审批'),(133,'manbo.xu','2016-07-07 16:34:28',0,0,'TC-aicai_webclient-20160707163428','TC-aicai_webclient-20160707163428待审批'),(134,'manbo.xu','2016-07-07 16:34:28',1,1,'TC-aicai_webclient-20160707163428','TC-aicai_webclient-20160707163428待审批'),(135,'mingmei.xie','2016-07-07 16:38:36',0,0,'TC-aicai_webclient-20160707163836','TC-aicai_webclient-20160707163836待审批'),(136,'mingmei.xie','2016-07-07 16:38:36',1,1,'TC-aicai_webclient-20160707163836','TC-aicai_webclient-20160707163836待审批'),(137,'manbo.xu','2016-07-07 16:45:55',0,0,'TC-aicai_webclient-20160707164555','TC-aicai_webclient-20160707164555待审批'),(138,'manbo.xu','2016-07-07 16:45:55',1,1,'TC-aicai_webclient-20160707164555','TC-aicai_webclient-20160707164555待审批'),(139,'manbo.xu','2016-07-07 16:46:35',0,0,'UOA-didi_admin-20160624104842','UOA-didi_admin-20160624104842审批通过'),(140,'manbo.xu','2016-07-07 16:46:35',1,1,'UOA-didi_admin-20160624104842','UOA-didi_admin-20160624104842审批通过'),(141,'manbo.xu','2016-07-07 16:49:16',0,0,'TC-aicai_webclient-20160707164916','TC-aicai_webclient-20160707164916待审批'),(142,'manbo.xu','2016-07-07 16:49:16',1,1,'TC-aicai_webclient-20160707164916','TC-aicai_webclient-20160707164916待审批'),(143,'manbo.xu','2016-07-07 16:51:26',0,0,'TC-aicai_webclient-20160707165126','TC-aicai_webclient-20160707165126待审批'),(144,'manbo.xu','2016-07-07 16:51:26',1,1,'TC-aicai_webclient-20160707165126','TC-aicai_webclient-20160707165126待审批'),(145,'manbo.xu','2016-07-07 16:52:58',0,0,'UOA-aicai_webclient-20160707165258','UOA-aicai_webclient-20160707165258待审批'),(146,'manbo.xu','2016-07-07 16:52:58',1,1,'UOA-aicai_webclient-20160707165258','UOA-aicai_webclient-20160707165258待审批'),(147,'mingmei.xie','2016-07-07 16:57:00',0,0,'TC-aicai_webclient-20160707165700','TC-aicai_webclient-20160707165700待审批'),(148,'mingmei.xie','2016-07-07 16:57:00',1,1,'TC-aicai_webclient-20160707165700','TC-aicai_webclient-20160707165700待审批'),(149,'shunzhi.zhou','2016-07-07 16:58:50',0,0,'TC-aicai_webclient-20160707165850','TC-aicai_webclient-20160707165850待审批'),(150,'shunzhi.zhou','2016-07-07 16:58:50',1,1,'TC-aicai_webclient-20160707165850','TC-aicai_webclient-20160707165850待审批'),(151,'manbo.xu','2016-07-07 17:02:22',0,0,'TC-aicai_webclient-20160707170222','TC-aicai_webclient-20160707170222待审批'),(152,'manbo.xu','2016-07-07 17:02:22',1,1,'TC-aicai_webclient-20160707170222','TC-aicai_webclient-20160707170222待审批'),(153,'manbo.xu','2016-07-07 17:06:34',0,0,'TC-aicai_webclient-20160707170634','TC-aicai_webclient-20160707170634待审批'),(154,'manbo.xu','2016-07-07 17:06:34',1,1,'TC-aicai_webclient-20160707170634','TC-aicai_webclient-20160707170634待审批'),(155,'manbo.xu','2016-07-07 17:06:38',0,0,'TC-aicai_webclient-20160707170634','TC-aicai_webclient-20160707170634审批未通过'),(156,'manbo.xu','2016-07-07 17:06:38',0,0,'TC-aicai_webclient-20160707170634','TC-aicai_webclient-20160707170634审批未通过'),(157,'manbo.xu','2016-07-07 17:06:38',1,1,'TC-aicai_webclient-20160707170634','TC-aicai_webclient-20160707170634审批未通过'),(158,'manbo.xu','2016-07-07 17:06:38',1,1,'TC-aicai_webclient-20160707170634','TC-aicai_webclient-20160707170634审批未通过'),(159,'manbo.xu','2016-07-07 17:07:01',0,0,'TC-didi_admin-20160707170701','TC-didi_admin-20160707170701待审批'),(160,'manbo.xu','2016-07-07 17:07:01',1,1,'TC-didi_admin-20160707170701','TC-didi_admin-20160707170701待审批'),(161,'shunzhi.zhou','2016-07-07 17:08:32',0,0,'TC-didi_adminservice-20160707170832','TC-didi_adminservice-20160707170832待审批'),(162,'shunzhi.zhou','2016-07-07 17:08:32',1,1,'TC-didi_adminservice-20160707170832','TC-didi_adminservice-20160707170832待审批'),(163,'manbo.xu','2016-07-07 17:08:36',0,0,'TC-didi_adminservice-20160707170832','TC-didi_adminservice-20160707170832审批未通过'),(164,'shunzhi.zhou','2016-07-07 17:08:36',0,0,'TC-didi_adminservice-20160707170832','TC-didi_adminservice-20160707170832审批未通过'),(165,'manbo.xu','2016-07-07 17:08:36',1,1,'TC-didi_adminservice-20160707170832','TC-didi_adminservice-20160707170832审批未通过'),(166,'shunzhi.zhou','2016-07-07 17:08:36',1,1,'TC-didi_adminservice-20160707170832','TC-didi_adminservice-20160707170832审批未通过'),(167,'shunzhi.zhou','2016-07-07 17:11:21',0,0,'TC-aicai_webclient-20160707171121','TC-aicai_webclient-20160707171121待审批'),(168,'shunzhi.zhou','2016-07-07 17:11:21',1,1,'TC-aicai_webclient-20160707171121','TC-aicai_webclient-20160707171121待审批'),(169,'manbo.xu','2016-07-07 17:11:36',0,0,'TC-aicai_webclient-20160707171121','TC-aicai_webclient-20160707171121取消更新'),(170,'manbo.xu','2016-07-07 17:11:36',1,1,'TC-aicai_webclient-20160707171121','TC-aicai_webclient-20160707171121取消更新'),(171,'manbo.xu','2016-07-07 17:11:58',0,0,'TC-didi_service-20160707171158','TC-didi_service-20160707171158待审批'),(172,'manbo.xu','2016-07-07 17:11:58',1,1,'TC-didi_service-20160707171158','TC-didi_service-20160707171158待审批'),(173,'manbo.xu','2016-07-07 17:12:07',0,0,'TC-didi_service-20160707171158','TC-didi_service-20160707171158取消更新'),(174,'manbo.xu','2016-07-07 17:12:07',1,1,'TC-didi_service-20160707171158','TC-didi_service-20160707171158取消更新'),(175,'manbo.xu','2016-07-07 17:13:24',0,0,'TC-aicai_webclient-20160707171324','TC-aicai_webclient-20160707171324待审批'),(176,'manbo.xu','2016-07-07 17:13:24',1,1,'TC-aicai_webclient-20160707171324','TC-aicai_webclient-20160707171324待审批'),(177,'manbo.xu','2016-07-07 17:15:41',0,0,'UOA-aicai_webclient-20160707165258','UOA-aicai_webclient-20160707165258审批通过'),(178,'manbo.xu','2016-07-07 17:15:41',1,1,'UOA-aicai_webclient-20160707165258','UOA-aicai_webclient-20160707165258审批通过'),(179,'manbo.xu','2016-07-07 17:16:03',0,0,'UOA-aicai_webclient-20160707171603','UOA-aicai_webclient-20160707171603待审批'),(180,'manbo.xu','2016-07-07 17:16:03',1,1,'UOA-aicai_webclient-20160707171603','UOA-aicai_webclient-20160707171603待审批'),(181,'manbo.xu','2016-07-07 17:16:08',0,0,'UOA-aicai_webclient-20160707171603','UOA-aicai_webclient-20160707171603审批通过'),(182,'manbo.xu','2016-07-07 17:16:08',1,1,'UOA-aicai_webclient-20160707171603','UOA-aicai_webclient-20160707171603审批通过'),(183,'manbo.xu','2016-07-07 17:19:36',0,0,'TC-aicai_webclient-20160707171936','TC-aicai_webclient-20160707171936待审批'),(184,'manbo.xu','2016-07-07 17:19:36',1,1,'TC-aicai_webclient-20160707171936','TC-aicai_webclient-20160707171936待审批'),(185,'manbo.xu','2016-07-07 17:20:01',0,0,'UOA-aicai_webclient-20160707172001','UOA-aicai_webclient-20160707172001待审批'),(186,'manbo.xu','2016-07-07 17:20:01',1,1,'UOA-aicai_webclient-20160707172001','UOA-aicai_webclient-20160707172001待审批'),(187,'manbo.xu','2016-07-07 17:20:04',0,0,'UOA-aicai_webclient-20160707172001','UOA-aicai_webclient-20160707172001审批通过'),(188,'manbo.xu','2016-07-07 17:20:04',1,1,'UOA-aicai_webclient-20160707172001','UOA-aicai_webclient-20160707172001审批通过'),(189,'manbo.xu','2016-07-07 17:29:17',0,0,'UOA-aicai_webclient-20160707172917','UOA-aicai_webclient-20160707172917待审批'),(190,'manbo.xu','2016-07-07 17:29:17',1,1,'UOA-aicai_webclient-20160707172917','UOA-aicai_webclient-20160707172917待审批'),(191,'manbo.xu','2016-07-07 17:29:20',0,0,'UOA-aicai_webclient-20160707172917','UOA-aicai_webclient-20160707172917审批通过'),(192,'manbo.xu','2016-07-07 17:29:20',1,1,'UOA-aicai_webclient-20160707172917','UOA-aicai_webclient-20160707172917审批通过'),(193,'manbo.xu','2016-07-07 17:43:01',0,0,'TC-aicai_webclient-20160707171936','TC-aicai_webclient-20160707171936取消更新'),(194,'manbo.xu','2016-07-07 17:43:01',1,1,'TC-aicai_webclient-20160707171936','TC-aicai_webclient-20160707171936取消更新');
/*!40000 ALTER TABLE `message_log` ENABLE KEYS */;
UNLOCK TABLES;

--
-- Table structure for table `roles`
--

DROP TABLE IF EXISTS `roles`;
/*!40101 SET @saved_cs_client     = @@character_set_client */;
/*!40101 SET character_set_client = utf8 */;
CREATE TABLE `roles` (
  `id` int(11) NOT NULL AUTO_INCREMENT,
  `role` varchar(40) NOT NULL,
  `desc` varchar(100) NOT NULL,
  PRIMARY KEY (`id`)
) ENGINE=InnoDB AUTO_INCREMENT=6 DEFAULT CHARSET=utf8;
/*!40101 SET character_set_client = @saved_cs_client */;

--
-- Dumping data for table `roles`
--

LOCK TABLES `roles` WRITE;
/*!40000 ALTER TABLE `roles` DISABLE KEYS */;
INSERT INTO `roles` VALUES (1,'普通用户','从ldap同步的用户'),(2,'开发人员','有权限提交更新'),(3,'审批人','更新审批人，一般是部门经理'),(4,'运维人员','系统运维部更新操作人'),(5,'管理员','管理员');
/*!40000 ALTER TABLE `roles` ENABLE KEYS */;
UNLOCK TABLES;

--
-- Table structure for table `site_roles`
--

DROP TABLE IF EXISTS `site_roles`;
/*!40101 SET @saved_cs_client     = @@character_set_client */;
/*!40101 SET character_set_client = utf8 */;
CREATE TABLE `site_roles` (
  `id` int(11) NOT NULL AUTO_INCREMENT,
  `user_id` int(11) DEFAULT NULL,
  `username` varchar(40) DEFAULT NULL,
  `site_id` int(11) DEFAULT NULL,
  `site_name` varchar(40) NOT NULL,
  `business_id` int(11) DEFAULT NULL,
  `business_name` varchar(40) NOT NULL,
  `create_time` datetime NOT NULL,
  `flush_time` datetime NOT NULL,
  PRIMARY KEY (`id`)
) ENGINE=MyISAM AUTO_INCREMENT=32 DEFAULT CHARSET=utf8;
/*!40101 SET character_set_client = @saved_cs_client */;

--
-- Dumping data for table `site_roles`
--

LOCK TABLES `site_roles` WRITE;
/*!40000 ALTER TABLE `site_roles` DISABLE KEYS */;
INSERT INTO `site_roles` VALUES (25,54,'朱亮',4001,'滴滴后端独立服务',2,'滴滴业务','2016-06-14 14:03:53','2016-06-14 14:03:53'),(24,54,'朱亮',4000,'滴滴后端',2,'滴滴业务','2016-06-14 14:03:38','2016-06-14 14:03:38'),(3,33,'周顺志',4000,'滴滴后端',2,'滴滴业务','2016-06-07 16:05:34','2016-06-07 16:05:34'),(4,33,'周顺志',3000,'滴滴前端',2,'滴滴业务','2016-06-07 16:07:13','2016-06-07 16:07:13'),(23,54,'朱亮',3000,'滴滴前端',2,'滴滴业务','2016-06-14 14:03:05','2016-06-14 14:03:05'),(6,33,'周顺志',4001,'滴滴后端独立服务',2,'滴滴业务','2016-06-12 15:14:46','2016-06-12 15:14:46'),(7,33,'周顺志',5000,'配资前端',3,'配资业务','2016-06-13 18:11:27','2016-06-13 18:11:27'),(8,33,'周顺志',6001,'配资后端独立服务',3,'配资业务','2016-06-13 18:11:44','2016-06-13 18:11:44'),(9,33,'周顺志',6000,'配资后端',3,'配资业务','2016-06-13 18:11:58','2016-06-13 18:11:58'),(10,194,'陈好好',5000,'配资前端',3,'配资业务','2016-06-14 10:46:05','2016-06-14 10:46:05'),(11,194,'陈好好',6001,'配资后端独立服务',3,'配资业务','2016-06-14 10:46:21','2016-06-14 10:46:21'),(12,194,'陈好好',6501,'配资后台admin',3,'配资业务','2016-06-14 10:46:37','2016-06-14 10:46:37'),(20,64,'许满柏',6001,'配资后端独立服务',3,'配资业务','2016-06-14 13:39:37','2016-06-14 13:39:37'),(21,64,'许满柏',8004,'金融后端独立服务hkstock',4,'金融业务','2016-06-14 13:40:15','2016-06-14 13:40:15'),(22,64,'许满柏',4001,'滴滴后端独立服务',2,'滴滴业务','2016-06-14 13:58:24','2016-06-14 13:58:24'),(26,54,'朱亮',4501,'滴滴后台admin',2,'滴滴业务','2016-06-14 14:04:56','2016-06-14 14:04:56'),(27,64,'许满柏',4501,'滴滴后台admin',2,'滴滴业务','2016-06-14 14:06:42','2016-06-14 14:06:42'),(28,64,'许满柏',3000,'滴滴前端',2,'滴滴业务','2016-06-14 14:10:35','2016-06-14 14:10:35'),(29,186,'尹枝高',4501,'滴滴后台admin',2,'滴滴业务','2016-06-14 15:10:14','2016-06-14 15:10:14'),(30,1,'程丕钢',1000,'爱彩前端',1,'彩票业务','2016-06-30 11:47:57','2016-06-30 11:47:57'),(31,64,'许满柏',1000,'爱彩前端',1,'彩票业务','2016-06-30 14:46:20','2016-06-30 14:46:20');
/*!40000 ALTER TABLE `site_roles` ENABLE KEYS */;
UNLOCK TABLES;

--
-- Table structure for table `system`
--

DROP TABLE IF EXISTS `system`;
/*!40101 SET @saved_cs_client     = @@character_set_client */;
/*!40101 SET character_set_client = utf8 */;
CREATE TABLE `system` (
  `id` int(11) NOT NULL AUTO_INCREMENT,
  `config_name` varchar(60) DEFAULT NULL,
  `config_value` varchar(60) DEFAULT NULL,
  `description` varchar(100) DEFAULT NULL,
  PRIMARY KEY (`id`)
) ENGINE=MyISAM DEFAULT CHARSET=utf8;
/*!40101 SET character_set_client = @saved_cs_client */;

--
-- Dumping data for table `system`
--

LOCK TABLES `system` WRITE;
/*!40000 ALTER TABLE `system` DISABLE KEYS */;
/*!40000 ALTER TABLE `system` ENABLE KEYS */;
UNLOCK TABLES;

--
-- Table structure for table `user_business`
--

DROP TABLE IF EXISTS `user_business`;
/*!40101 SET @saved_cs_client     = @@character_set_client */;
/*!40101 SET character_set_client = utf8 */;
CREATE TABLE `user_business` (
  `id` int(11) NOT NULL AUTO_INCREMENT,
  `user_id` int(11) DEFAULT NULL,
  `username` varchar(40) DEFAULT NULL,
  `business_id` int(11) DEFAULT NULL,
  `business_name` varchar(40) DEFAULT NULL,
  `create_time` datetime DEFAULT NULL,
  `flush_time` datetime DEFAULT NULL,
  PRIMARY KEY (`id`)
) ENGINE=MyISAM AUTO_INCREMENT=21 DEFAULT CHARSET=utf8;
/*!40101 SET character_set_client = @saved_cs_client */;

--
-- Dumping data for table `user_business`
--

LOCK TABLES `user_business` WRITE;
/*!40000 ALTER TABLE `user_business` DISABLE KEYS */;
INSERT INTO `user_business` VALUES (15,64,'许满柏',3,'配资业务','2016-06-14 13:36:50','2016-06-14 13:36:50'),(2,1,'周锋',2,'滴滴业务','2016-06-07 16:05:53','2016-06-07 16:05:53'),(3,33,'周顺志',2,'滴滴业务','2016-06-07 16:06:13','2016-06-07 16:06:13'),(16,64,'许满柏',4,'金融业务','2016-06-14 13:40:02','2016-06-14 13:40:02'),(17,64,'许满柏',2,'滴滴业务','2016-06-14 13:49:30','2016-06-14 13:49:30'),(6,19,'黄锐亭',2,'滴滴业务','2016-06-12 16:02:38','2016-06-12 16:02:38'),(7,19,'黄锐亭',4,'金融业务','2016-06-12 16:02:46','2016-06-12 16:02:46'),(8,1,'周锋',3,'配资业务','2016-06-13 18:12:14','2016-06-13 18:12:14'),(9,33,'周顺志',3,'配资业务','2016-06-13 18:12:22','2016-06-13 18:12:22'),(10,33,'周顺志',1,'彩票业务','2016-06-13 18:12:32','2016-06-13 18:12:32'),(11,33,'周顺志',4,'金融业务','2016-06-13 18:12:50','2016-06-13 18:12:50'),(12,194,'陈好好',3,'配资业务','2016-06-14 10:45:18','2016-06-14 10:45:18'),(13,194,'陈好好',4,'金融业务','2016-06-14 10:51:14','2016-06-14 10:51:14'),(18,186,'尹枝高',2,'滴滴业务','2016-06-14 15:08:31','2016-06-14 15:08:31'),(19,1,'程丕钢',1,'彩票业务','2016-06-15 12:42:25','2016-06-15 12:42:25'),(20,64,'许满柏',1,'彩票业务','2016-06-30 14:46:09','2016-06-30 14:46:09');
/*!40000 ALTER TABLE `user_business` ENABLE KEYS */;
UNLOCK TABLES;

--
-- Table structure for table `users`
--

DROP TABLE IF EXISTS `users`;
/*!40101 SET @saved_cs_client     = @@character_set_client */;
/*!40101 SET character_set_client = utf8 */;
CREATE TABLE `users` (
  `id` int(11) NOT NULL AUTO_INCREMENT,
  `account` varchar(20) DEFAULT NULL,
  `uid` int(11) DEFAULT NULL,
  `username` varchar(40) DEFAULT NULL,
  `mobile` varchar(20) DEFAULT NULL,
  `email` varchar(30) DEFAULT NULL,
  `dn` varchar(80) DEFAULT NULL,
  `depart` varchar(80) DEFAULT NULL,
  PRIMARY KEY (`id`)
) ENGINE=MyISAM AUTO_INCREMENT=231 DEFAULT CHARSET=utf8;
/*!40101 SET character_set_client = @saved_cs_client */;

--
-- Dumping data for table `users`
--

LOCK TABLES `users` WRITE;
/*!40000 ALTER TABLE `users` DISABLE KEYS */;
INSERT INTO `users` VALUES (1,'pigang.cheng',1947,'程丕钢','13823186624','pigang.cheng@aicai.com','cn=pigang.cheng,ou=基础产品运营部,ou=线上彩票中心,ou=中网彩,dc=aicai,dc=com','中网彩\\线上彩票中心\\基础产品运营部'),(2,'lifeng.luo',1253,'罗立锋','13410014280','lifeng.luo@aicai.com','cn=lifeng.luo,ou=平台产品运营部,ou=线上彩票中心,ou=中网彩,dc=aicai,dc=com','中网彩\\线上彩票中心\\平台产品运营部'),(3,'weihong.ye',1921,'叶伟红','15112553116','weihong.ye@aicai.com','cn=weihong.ye,ou=平台产品运营部,ou=线上彩票中心,ou=中网彩,dc=aicai,dc=com','中网彩\\线上彩票中心\\平台产品运营部'),(4,'xingpei.ding',1248,'丁兴培','13631580750','xingpei.ding@aicai.com','cn=xingpei.ding,ou=平台产品运营部,ou=线上彩票中心,ou=中网彩,dc=aicai,dc=com','中网彩\\线上彩票中心\\平台产品运营部'),(5,'rui.cui',1932,'崔瑞','18926482203','rui.cui@aicai.com','cn=rui.cui,ou=业务产品运营部,ou=线上彩票中心,ou=中网彩,dc=aicai,dc=com','中网彩\\线上彩票中心\\业务产品运营部'),(6,'shen.li',1714,'李深','15622859310','shen.li@aicai.com','cn=shen.li,ou=业务产品运营部,ou=线上彩票中心,ou=中网彩,dc=aicai,dc=com','中网彩\\线上彩票中心\\业务产品运营部'),(7,'yaxi.song',1895,'宋亚希','15112689096','yaxi.song@aicai.com','cn=yaxi.song,ou=业务产品运营部,ou=线上彩票中心,ou=中网彩,dc=aicai,dc=com','中网彩\\线上彩票中心\\业务产品运营部'),(8,'ye.yuan',1939,'袁野','15013880512','ye.yuan@aicai.com','cn=ye.yuan,ou=业务产品运营部,ou=线上彩票中心,ou=中网彩,dc=aicai,dc=com','中网彩\\线上彩票中心\\业务产品运营部'),(9,'yisheng.chen',1164,'陈义生','18688981513','yisheng.chen@aicai.com','cn=yisheng.chen,ou=业务产品运营部,ou=线上彩票中心,ou=中网彩,dc=aicai,dc=com','中网彩\\线上彩票中心\\业务产品运营部'),(10,'dandan.sun',1268,'孙丹丹','18902453608','dandan.sun@aicai.com','cn=dandan.sun,ou=设计部,ou=线上彩票中心,ou=中网彩,dc=aicai,dc=com','中网彩\\线上彩票中心\\设计部'),(11,'enqi.liu',1290,'刘恩奇','18617101901','enqi.liu@aicai.com','cn=enqi.liu,ou=设计部,ou=线上彩票中心,ou=中网彩,dc=aicai,dc=com','中网彩\\线上彩票中心\\设计部'),(12,'guangyun.lin',1655,'林光运','15112303996','guangyun.lin@aicai.com','cn=guangyun.lin,ou=设计部,ou=线上彩票中心,ou=中网彩,dc=aicai,dc=com','中网彩\\线上彩票中心\\设计部'),(13,'hui.su',1264,'苏辉','18665353564','hui.su@aicai.com','cn=hui.su,ou=设计部,ou=线上彩票中心,ou=中网彩,dc=aicai,dc=com','中网彩\\线上彩票中心\\设计部'),(14,'huihuang.li',1263,'李辉煌','15976887269','huihuang.li@aicai.com','cn=huihuang.li,ou=设计部,ou=线上彩票中心,ou=中网彩,dc=aicai,dc=com','中网彩\\线上彩票中心\\设计部'),(15,'kai.gao',1178,'高凯','13510688411','kai.gao@aicai.com','cn=kai.gao,ou=设计部,ou=线上彩票中心,ou=中网彩,dc=aicai,dc=com','中网彩\\线上彩票中心\\设计部'),(16,'longfeng.yang',1400,'杨龙凤','18620394967','longfeng.yang@aicai.com','cn=longfeng.yang,ou=设计部,ou=线上彩票中心,ou=中网彩,dc=aicai,dc=com','中网彩\\线上彩票中心\\设计部'),(17,'na.zou',1183,'邹娜','13714460671','na.zou@aicai.com','cn=na.zou,ou=产品,ou=互联网金融项目中心,ou=中网彩,dc=aicai,dc=com','中网彩\\互联网金融项目中心\\产品'),(18,'penghui.li',1265,'李鹏辉','18819018869','penghui.li@aicai.com','cn=penghui.li,ou=设计部,ou=线上彩票中心,ou=中网彩,dc=aicai,dc=com','中网彩\\线上彩票中心\\设计部'),(19,'wei.huang',1273,'黄伟','18127096596','wei.huang@aicai.com','cn=wei.huang,ou=设计部,ou=线上彩票中心,ou=中网彩,dc=aicai,dc=com','中网彩\\线上彩票中心\\设计部'),(20,'xianxian.wu',1927,'巫贤贤','13349880903','xianxian.wu@aicai.com','cn=xianxian.wu,ou=设计部,ou=线上彩票中心,ou=中网彩,dc=aicai,dc=com','中网彩\\线上彩票中心\\设计部'),(21,'xiaoyan.cheng',1410,'程小燕','15994768336','xiaoyan.cheng@aicai.com','cn=xiaoyan.cheng,ou=设计部,ou=线上彩票中心,ou=中网彩,dc=aicai,dc=com','中网彩\\线上彩票中心\\设计部'),(22,'yidong.gao',1731,'高奕东','13622378869','yidong.gao@aicai.com','cn=yidong.gao,ou=设计部,ou=线上彩票中心,ou=中网彩,dc=aicai,dc=com','中网彩\\线上彩票中心\\设计部'),(23,'chengbin.xu',1300,'许承滨','18819018199','chengbin.xu@aicai.com','cn=chengbin.xu,ou=基础运维部,ou=基础产品运营部,ou=线上彩票中心,ou=中网彩,dc=aicai,dc=com','中网彩\\线上彩票中心\\基础产品运营部\\基础运维部'),(24,'fuchun.wang',1297,'王富春','18665993902','fuchun.wang@aicai.com','cn=fuchun.wang,ou=基础运维部,ou=基础产品运营部,ou=线上彩票中心,ou=中网彩,dc=aicai,dc=com','中网彩\\线上彩票中心\\基础产品运营部\\基础运维部'),(25,'guocan.liang',1292,'梁国灿','13538071781','guocan.liang@aicai.com','cn=guocan.liang,ou=基础运维部,ou=基础产品运营部,ou=线上彩票中心,ou=中网彩,dc=aicai,dc=com','中网彩\\线上彩票中心\\基础产品运营部\\基础运维部'),(26,'guopeng.cai',1289,'蔡国鹏','15975462769','guopeng.cai@aicai.com','cn=guopeng.cai,ou=基础运维部,ou=基础产品运营部,ou=线上彩票中心,ou=中网彩,dc=aicai,dc=com','中网彩\\线上彩票中心\\基础产品运营部\\基础运维部'),(27,'haifan.huang',1291,'黄海帆','15915401620','haifan.huang@aicai.com','cn=haifan.huang,ou=基础运维部,ou=基础产品运营部,ou=线上彩票中心,ou=中网彩,dc=aicai,dc=com','中网彩\\线上彩票中心\\基础产品运营部\\基础运维部'),(28,'hongfei.zhang',1619,'张宏飞','13682502015','hongfei.zhang@aicai.com','cn=hongfei.zhang,ou=基础运维部,ou=基础产品运营部,ou=线上彩票中心,ou=中网彩,dc=aicai,dc=com','中网彩\\线上彩票中心\\基础产品运营部\\基础运维部'),(29,'jingxian.zeng',1827,'曾敬贤','18814441083','jingxian.zeng@aicai.com','cn=jingxian.zeng,ou=基础运维部,ou=基础产品运营部,ou=线上彩票中心,ou=中网彩,dc=aicai,dc=com','中网彩\\线上彩票中心\\基础产品运营部\\基础运维部'),(30,'li.kong',1912,'孔理','13556817176','li.kong@aicai.com','cn=li.kong,ou=基础运维部,ou=基础产品运营部,ou=线上彩票中心,ou=中网彩,dc=aicai,dc=com','中网彩\\线上彩票中心\\基础产品运营部\\基础运维部'),(31,'qiliang.zeng',1287,'曾启良','13927420273','qiliang.zeng@aicai.com','cn=qiliang.zeng,ou=基础运维部,ou=基础产品运营部,ou=线上彩票中心,ou=中网彩,dc=aicai,dc=com','中网彩\\线上彩票中心\\基础产品运营部\\基础运维部'),(32,'shunjiang.tong',1296,'童顺江','18665208862','shunjiang.tong@aicai.com','cn=shunjiang.tong,ou=线下彩票中心,ou=中网彩,dc=aicai,dc=com','中网彩\\线下彩票中心'),(33,'wenqiang.zhao',1303,'赵文强','13632642990','wenqiang.zhao@aicai.com','cn=wenqiang.zhao,ou=基础运维部,ou=基础产品运营部,ou=线上彩票中心,ou=中网彩,dc=aicai,dc=com','中网彩\\线上彩票中心\\基础产品运营部\\基础运维部'),(34,'dongxu.lin',1283,'林东旭','13714267719','dongxu.lin@aicai.com','cn=dongxu.lin,ou=线下彩票中心,ou=中网彩,dc=aicai,dc=com','中网彩\\线下彩票中心'),(35,'fangyong.zhang',1281,'张方勇','13543310345','fangyong.zhang@aicai.com','cn=fangyong.zhang,ou=支撑产品部,ou=基础产品运营部,ou=线上彩票中心,ou=中网彩,dc=aicai,dc=com','中网彩\\线上彩票中心\\基础产品运营部\\支撑产品部'),(36,'jianhui.zhou',1519,'周剑辉','13723499058','jianhui.zhou@aicai.com','cn=jianhui.zhou,ou=线下彩票中心,ou=中网彩,dc=aicai,dc=com','中网彩\\线下彩票中心'),(37,'yan.ouyang',1954,'欧阳燕','15623561108','yan.ouyang@aicai.com','cn=yan.ouyang,ou=支撑产品部,ou=基础产品运营部,ou=线上彩票中心,ou=中网彩,dc=aicai,dc=com','中网彩\\线上彩票中心\\基础产品运营部\\支撑产品部'),(38,'chenjun.zhao',1407,'赵晨君','15302770807','chenjun.zhao@aicai.com','cn=chenjun.zhao,ou=人力资源部,ou=中网彩,dc=aicai,dc=com','中网彩\\人力资源部'),(39,'fang.fang',1390,'方芳','15999666122','fang.fang@aicai.com','cn=fang.fang,ou=人力资源部,ou=中网彩,dc=aicai,dc=com','中网彩\\人力资源部'),(40,'senhao.fang',1643,'方森浩','18503055229','senhao.fang@aicai.com','cn=senhao.fang,ou=人力资源部,ou=中网彩,dc=aicai,dc=com','中网彩\\人力资源部'),(41,'peng.wu',1617,'吴鹏','13631633445','peng.wu@aicai.com','cn=peng.wu,ou=品牌管理组,ou=市场管理部,ou=线上彩票中心,ou=中网彩,dc=aicai,dc=com','中网彩\\线上彩票中心\\市场管理部\\品牌管理组'),(42,'baofeng.wang',1254,'王宝峰','18603032282','baofeng.wang@aicai.com','cn=baofeng.wang,ou=线下彩票中心,ou=中网彩,dc=aicai,dc=com','中网彩\\线下彩票中心'),(43,'ge.xu',1381,'许戈',NULL,'ge.xu@aicai.com','cn=ge.xu,ou=总裁办,ou=中网彩,dc=aicai,dc=com','中网彩\\总裁办'),(44,'min.jiang',1384,'蒋敏',NULL,'min.jiang@aicai.com','cn=min.jiang,ou=总裁办,ou=中网彩,dc=aicai,dc=com','中网彩\\总裁办'),(45,'wei.li',1383,'李巍',NULL,'wei.li@aicai.com','cn=wei.li,ou=总裁办,ou=中网彩,dc=aicai,dc=com','中网彩\\总裁办'),(46,'wellpha.wu',1100,'吴未发',NULL,'wellpha.wu@aicai.com','cn=wellpha.wu,ou=总裁办,ou=中网彩,dc=aicai,dc=com','中网彩\\总裁办'),(47,'feng.zhou',1111,'周锋','13823511441','feng.zhou@aicai.com','cn=feng.zhou,ou=技术中心,ou=中网彩,dc=aicai,dc=com','中网彩\\技术中心'),(48,'yanqin.tan',1114,'谭燕勤','15999653075','yanqin.tan@aicai.com','cn=yanqin.tan,ou=技术中心,ou=中网彩,dc=aicai,dc=com','中网彩\\技术中心'),(49,'bo.zhang',1743,'张波','13418549274','bo.zhang@aicai.com','cn=bo.zhang,ou=基础平台开发部,ou=技术中心,ou=中网彩,dc=aicai,dc=com','中网彩\\技术中心\\基础平台开发部'),(50,'gaoyu.cui',1440,'崔高宇','13510349850','gaoyu.cui@aicai.com','cn=gaoyu.cui,ou=基础平台开发部,ou=技术中心,ou=中网彩,dc=aicai,dc=com','中网彩\\技术中心\\基础平台开发部'),(51,'nianping.duan',1082,'段年平','15976878384','nianping.duan@aicai.com','cn=nianping.duan,ou=基础平台开发部,ou=技术中心,ou=中网彩,dc=aicai,dc=com','中网彩\\技术中心\\基础平台开发部'),(52,'wenwu.yang',1062,'杨文武','15013683791','wenwu.yang@aicai.com','cn=wenwu.yang,ou=基础平台开发部,ou=技术中心,ou=中网彩,dc=aicai,dc=com','中网彩\\技术中心\\基础平台开发部'),(53,'xiong.fu',1060,'符雄','13728820629','xiong.fu@aicai.com','cn=xiong.fu,ou=基础平台开发部,ou=技术中心,ou=中网彩,dc=aicai,dc=com','中网彩\\技术中心\\基础平台开发部'),(54,'liang.zhu',1071,'朱亮','13427916725','liang.zhu@aicai.com','cn=liang.zhu,ou=管理系统开发部,ou=技术中心,ou=中网彩,dc=aicai,dc=com','中网彩\\技术中心\\管理系统开发部'),(55,'xianzhu.peng',1070,'彭宪著','13691928282','xianzhu.peng@aicai.com','cn=xianzhu.peng,ou=管理系统开发部,ou=技术中心,ou=中网彩,dc=aicai,dc=com','中网彩\\技术中心\\管理系统开发部'),(56,'xuki.xu',1000,'许靖','13510481271','xuki.xu@aicai.com','cn=xuki.xu,ou=系统运维部,ou=技术中心,ou=中网彩,dc=aicai,dc=com','中网彩\\技术中心\\系统运维部'),(57,'xiaodi.yang',1885,'杨孝缔','13534294447','xiaodi.yang@aicai.com','cn=xiaodi.yang,ou=IT管理组,ou=系统运维部,ou=技术中心,ou=中网彩,dc=aicai,dc=com','中网彩\\技术中心\\系统运维部\\IT管理组'),(58,'chengbin.lin',1009,'林承斌','13424179684','chengbin.lin@aicai.com','cn=chengbin.lin,ou=数据库组,ou=系统运维部,ou=技术中心,ou=中网彩,dc=aicai,dc=com','中网彩\\技术中心\\系统运维部\\数据库组'),(59,'hui.li',1006,'李辉','15361435353','hui.li@aicai.com','cn=hui.li,ou=数据库组,ou=系统运维部,ou=技术中心,ou=中网彩,dc=aicai,dc=com','中网彩\\技术中心\\系统运维部\\数据库组'),(60,'shihua.wu',1004,'吴世华','13420989552','shihua.wu@aicai.com','cn=shihua.wu,ou=数据库组,ou=系统运维部,ou=技术中心,ou=中网彩,dc=aicai,dc=com','中网彩\\技术中心\\系统运维部\\数据库组'),(61,'zhiyu.huang',1003,'黄稚禹','13798547899','zhiyu.huang@aicai.com','cn=zhiyu.huang,ou=数据库组,ou=系统运维部,ou=技术中心,ou=中网彩,dc=aicai,dc=com','中网彩\\技术中心\\系统运维部\\数据库组'),(62,'hongliang.gao',1008,'高宏亮','18603015507','hongliang.gao@aicai.com','cn=hongliang.gao,ou=基础平台开发部,ou=技术中心,ou=中网彩,dc=aicai,dc=com','中网彩\\技术中心\\基础平台开发部'),(63,'huan.xia',1002,'夏欢','13332927157','huan.xia@aicai.com','cn=huan.xia,ou=系统运维组,ou=系统运维部,ou=技术中心,ou=中网彩,dc=aicai,dc=com','中网彩\\技术中心\\系统运维部\\系统运维组'),(64,'manbo.xu',1823,'许满柏','18320940196','manbo.xu@aicai.com','cn=manbo.xu,ou=系统运维组,ou=系统运维部,ou=技术中心,ou=中网彩,dc=aicai,dc=com','中网彩\\技术中心\\系统运维部\\系统运维组'),(65,'ruiting.huang',1001,'黄锐亭','13510014003','ruiting.huang@aicai.com','cn=ruiting.huang,ou=系统运维组,ou=系统运维部,ou=技术中心,ou=中网彩,dc=aicai,dc=com','中网彩\\技术中心\\系统运维部\\系统运维组'),(66,'dachuan.ma',1101,'马大川','13751077575','dachuan.ma@aicai.com','cn=dachuan.ma,ou=质控部,ou=技术中心,ou=中网彩,dc=aicai,dc=com','中网彩\\技术中心\\质控部'),(67,'dandan.zeng',1109,'曾丹丹','15914061393','dandan.zeng@aicai.com','cn=dandan.zeng,ou=质控部,ou=技术中心,ou=中网彩,dc=aicai,dc=com','中网彩\\技术中心\\质控部'),(68,'li.liu',1104,'刘丽','15986714389','li.liu@aicai.com','cn=li.liu,ou=质控部,ou=技术中心,ou=中网彩,dc=aicai,dc=com','中网彩\\技术中心\\质控部'),(69,'lixian.cai',1110,'蔡枥贤','13825228557','lixian.cai@aicai.com','cn=lixian.cai,ou=质控部,ou=技术中心,ou=中网彩,dc=aicai,dc=com','中网彩\\技术中心\\质控部'),(70,'na.yu',1103,'余娜','15818703008','na.yu@aicai.com','cn=na.yu,ou=技术,ou=互联网金融项目中心,ou=中网彩,dc=aicai,dc=com','中网彩\\互联网金融项目中心\\技术'),(71,'qianqian.zhu',1108,'朱倩倩','15813701076','qianqian.zhu@aicai.com','cn=qianqian.zhu,ou=技术,ou=互联网金融项目中心,ou=中网彩,dc=aicai,dc=com','中网彩\\互联网金融项目中心\\技术'),(72,'qiao.ling',1106,'凌巧','13724250623','qiao.ling@aicai.com','cn=qiao.ling,ou=质控部,ou=技术中心,ou=中网彩,dc=aicai,dc=com','中网彩\\技术中心\\质控部'),(73,'xuhua.fu',1102,'符旭华','13267157973','xuhua.fu@aicai.com','cn=xuhua.fu,ou=质控部,ou=技术中心,ou=中网彩,dc=aicai,dc=com','中网彩\\技术中心\\质控部'),(74,'yang.xi',1914,'席杨','18681563213','yang.xi@aicai.com','cn=yang.xi,ou=质控部,ou=技术中心,ou=中网彩,dc=aicai,dc=com','中网彩\\技术中心\\质控部'),(75,'yuan.yao',1107,'姚园','13265439683','yuan.yao@aicai.com','cn=yuan.yao,ou=质控部,ou=技术中心,ou=中网彩,dc=aicai,dc=com','中网彩\\技术中心\\质控部'),(76,'baohua.zhang',1274,'张宝华','15625271573','baohua.zhang@aicai.com','cn=baohua.zhang,ou=风控,ou=互联网金融项目中心,ou=中网彩,dc=aicai,dc=com','中网彩\\互联网金融项目中心\\风控'),(77,'shimin.pan',1129,'潘诗敏','13316468588','shimin.pan@aicai.com','cn=shimin.pan,ou=数据组,ou=市场管理部,ou=线上彩票中心,ou=中网彩,dc=aicai,dc=com','中网彩\\线上彩票中心\\市场管理部\\数据组'),(78,'ting.yang',1406,'杨婷','15818747050','ting.yang@aicai.com','cn=ting.yang,ou=风控,ou=互联网金融项目中心,ou=中网彩,dc=aicai,dc=com','中网彩\\互联网金融项目中心\\风控'),(79,'yong.yang',1162,'杨勇','15813738977','yong.yang@aicai.com','cn=yong.yang,ou=数据组,ou=市场管理部,ou=线上彩票中心,ou=中网彩,dc=aicai,dc=com','中网彩\\线上彩票中心\\市场管理部\\数据组'),(80,'bingyan.she',1206,'佘冰燕','18627255206','bingyan.she@aicai.com','cn=bingyan.she,ou=客服部,ou=服务中心,ou=中网彩,dc=aicai,dc=com','中网彩\\服务中心\\客服部'),(81,'guocheng.li',1220,'李国成','18316134050','guocheng.li@aicai.com','cn=guocheng.li,ou=客服部,ou=服务中心,ou=中网彩,dc=aicai,dc=com','中网彩\\服务中心\\客服部'),(82,'han.yuan',1208,'袁涵','13480994519','han.yuan@aicai.com','cn=han.yuan,ou=客服部,ou=服务中心,ou=中网彩,dc=aicai,dc=com','中网彩\\服务中心\\客服部'),(83,'kaili.chen',1868,'陈凯丽','13428735294','kaili.chen@aicai.com','cn=kaili.chen,ou=客服部,ou=服务中心,ou=中网彩,dc=aicai,dc=com','中网彩\\服务中心\\客服部'),(84,'lanping.yang',1892,'杨兰萍','13428701905','lanping.yang@aicai.com','cn=lanping.yang,ou=客服部,ou=服务中心,ou=中网彩,dc=aicai,dc=com','中网彩\\服务中心\\客服部'),(85,'lihong.shen',1644,'沈立鸿','13265743661','lihong.shen@aicai.com','cn=lihong.shen,ou=客服部,ou=服务中心,ou=中网彩,dc=aicai,dc=com','中网彩\\服务中心\\客服部'),(86,'qin.cai',1210,'蔡琴','13560752805','qin.cai@aicai.com','cn=qin.cai,ou=服务优化部,ou=服务中心,ou=中网彩,dc=aicai,dc=com','中网彩\\服务中心\\服务优化部'),(87,'senlin.wang',1228,'王森林','13543330662','senlin.wang@aicai.com','cn=senlin.wang,ou=客服部,ou=服务中心,ou=中网彩,dc=aicai,dc=com','中网彩\\服务中心\\客服部'),(88,'tingting.zhang',1952,'张婷婷','18520877810','tingting.zhang@aicai.com','cn=tingting.zhang,ou=客服部,ou=服务中心,ou=中网彩,dc=aicai,dc=com','中网彩\\服务中心\\客服部'),(89,'xia.zhang',1232,'张霞','13590216155','xia.zhang@aicai.com','cn=xia.zhang,ou=客服部,ou=服务中心,ou=中网彩,dc=aicai,dc=com','中网彩\\服务中心\\客服部'),(90,'xiaoling.cheng',1983,'程小玲','13767025455','xiaoling.cheng@aicai.com','cn=xiaoling.cheng,ou=风控,ou=互联网金融项目中心,ou=中网彩,dc=aicai,dc=com','中网彩\\互联网金融项目中心\\风控'),(91,'xin.zhou',1233,'周新','15989583690','xin.zhou@aicai.com','cn=xin.zhou,ou=风控,ou=互联网金融项目中心,ou=中网彩,dc=aicai,dc=com','中网彩\\互联网金融项目中心\\风控'),(92,'xingxing.mao',1825,'毛兴星','13530461538','xingxing.mao@aicai.com','cn=xingxing.mao,ou=服务优化部,ou=服务中心,ou=中网彩,dc=aicai,dc=com','中网彩\\服务中心\\服务优化部'),(93,'xueqin.tan',1226,'谭雪芹','18025428555','xueqin.tan@aicai.com','cn=xueqin.tan,ou=客服部,ou=服务中心,ou=中网彩,dc=aicai,dc=com','中网彩\\服务中心\\客服部'),(94,'yan.gong',1209,'宫焱','13723715205','yan.gong@aicai.com','cn=yan.gong,ou=客服部,ou=服务中心,ou=中网彩,dc=aicai,dc=com','中网彩\\服务中心\\客服部'),(95,'yanping.guo',1820,'郭艳平','13923887253','yanping.guo@aicai.com','cn=yanping.guo,ou=客服部,ou=服务中心,ou=中网彩,dc=aicai,dc=com','中网彩\\服务中心\\客服部'),(96,'ying.yang',1231,'杨瑛','18684953305','ying.yang@aicai.com','cn=ying.yang,ou=服务优化部,ou=服务中心,ou=中网彩,dc=aicai,dc=com','中网彩\\服务中心\\服务优化部'),(97,'yingxia.he',1216,'何瑛霞','18927488657','yingxia.he@aicai.com','cn=yingxia.he,ou=风控,ou=互联网金融项目中心,ou=中网彩,dc=aicai,dc=com','中网彩\\互联网金融项目中心\\风控'),(98,'yu.huang',1217,'黄瑜','13410171180','yu.huang@aicai.com','cn=yu.huang,ou=服务优化部,ou=服务中心,ou=中网彩,dc=aicai,dc=com','中网彩\\服务中心\\服务优化部'),(99,'jingying.wang',1949,'王晶莹','13686430646','jingying.wang@aicai.com','cn=jingying.wang,ou=平台产品运营部,ou=线上彩票中心,ou=中网彩,dc=aicai,dc=com','中网彩\\线上彩票中心\\平台产品运营部'),(100,'rongrong.he',1937,'何蓉蓉','13016499529','rongrong.he@aicai.com','cn=rongrong.he,ou=服务优化部,ou=服务中心,ou=中网彩,dc=aicai,dc=com','中网彩\\服务中心\\服务优化部'),(101,'shixin.li',1203,'李施新','18672180388','shixin.li@aicai.com','cn=shixin.li,ou=服务优化部,ou=服务中心,ou=中网彩,dc=aicai,dc=com','中网彩\\服务中心\\服务优化部'),(102,'yang.li',1943,'李杨','15889739312','yang.li@aicai.com','cn=yang.li,ou=服务优化部,ou=服务中心,ou=中网彩,dc=aicai,dc=com','中网彩\\服务中心\\服务优化部'),(103,'xiayue.feng',1659,'冯夏月','18682160095','xiayue.feng@aicai.com','cn=xiayue.feng,ou=互联网金融项目中心,ou=中网彩,dc=aicai,dc=com','中网彩\\互联网金融项目中心'),(104,'fan.xu',1955,'徐凡','18665881700','fan.xu@aicai.com','cn=fan.xu,ou=商务运营,ou=互联网金融项目中心,ou=中网彩,dc=aicai,dc=com','中网彩\\互联网金融项目中心\\商务运营'),(105,'li.tang',1177,'汤莉','13632733706','li.tang@aicai.com','cn=li.tang,ou=渠道拓展组,ou=市场管理部,ou=线上彩票中心,ou=中网彩,dc=aicai,dc=com','中网彩\\线上彩票中心\\市场管理部\\渠道拓展组'),(106,'lu.jing',1647,'景璐','18600184098','lu.jing@aicai.com','cn=lu.jing,ou=商务运营,ou=互联网金融项目中心,ou=中网彩,dc=aicai,dc=com','中网彩\\互联网金融项目中心\\商务运营'),(107,'shibo.cui',1284,'崔士波','13724274629','shibo.cui@aicai.com','cn=shibo.cui,ou=平台产品运营部,ou=线上彩票中心,ou=中网彩,dc=aicai,dc=com','中网彩\\线上彩票中心\\平台产品运营部'),(108,'jing.zhang',1370,'张晶','13603051235','jing.zhang@aicai.com','cn=jing.zhang,ou=商务管理部,ou=综合管理中心,ou=中网彩,dc=aicai,dc=com','中网彩\\综合管理中心\\商务管理部'),(109,'fangjie.xiao',1356,'肖方杰','18605082037','fangjie.xiao@aicai.com','cn=fangjie.xiao,ou=线下彩票中心,ou=中网彩,dc=aicai,dc=com','中网彩\\线下彩票中心'),(110,'guoxian.xu',1355,'许国先','18118713859','guoxian.xu@aicai.com','cn=guoxian.xu,ou=线下彩票中心,ou=中网彩,dc=aicai,dc=com','中网彩\\线下彩票中心'),(111,'jing.zhou',1365,'周靓','18682086276','jing.zhou@aicai.com','cn=jing.zhou,ou=线下彩票中心,ou=中网彩,dc=aicai,dc=com','中网彩\\线下彩票中心'),(112,'rulin.zhang',1354,'张儒林','13312987850','rulin.zhang@aicai.com','cn=rulin.zhang,ou=线下彩票中心,ou=中网彩,dc=aicai,dc=com','中网彩\\线下彩票中心'),(113,'yanyan.wu',1361,'吴艳艳','15989307397','yanyan.wu@aicai.com','cn=yanyan.wu,ou=线下彩票中心,ou=中网彩,dc=aicai,dc=com','中网彩\\线下彩票中心'),(114,'bina.chen',1376,'陈碧娜','18823666162','bina.chen@aicai.com','cn=bina.chen,ou=行政部,ou=综合管理中心,ou=中网彩,dc=aicai,dc=com','中网彩\\综合管理中心\\行政部'),(115,'chuanlu.liufu',1902,'刘付川芦','13430714197','chuanlu.liufu@aicai.com','cn=chuanlu.liufu,ou=行政部,ou=综合管理中心,ou=中网彩,dc=aicai,dc=com','中网彩\\综合管理中心\\行政部'),(116,'qian.cheng',1371,'程倩','15521212386','qian.cheng@aicai.com','cn=qian.cheng,ou=行政部,ou=综合管理中心,ou=中网彩,dc=aicai,dc=com','中网彩\\综合管理中心\\行政部'),(117,'suirong.qiu',1888,'邱遂榕','13530814433','suirong.qiu@aicai.com','cn=suirong.qiu,ou=行政部,ou=综合管理中心,ou=中网彩,dc=aicai,dc=com','中网彩\\综合管理中心\\行政部'),(118,'yang.wang',1374,'王洋','15118819248','yang.wang@aicai.com','cn=yang.wang,ou=行政部,ou=综合管理中心,ou=中网彩,dc=aicai,dc=com','中网彩\\综合管理中心\\行政部'),(119,'yu1.he',1375,'何瑜','18938972342','yu1.he@aicai.com','cn=yu1.he,ou=行政部,ou=综合管理中心,ou=中网彩,dc=aicai,dc=com','中网彩\\综合管理中心\\行政部'),(120,'yuan.liu',1377,'刘院','18938972350','yuan.liu@aicai.com','cn=yuan.liu,ou=行政部,ou=综合管理中心,ou=中网彩,dc=aicai,dc=com','中网彩\\综合管理中心\\行政部'),(121,'chen.chen',1151,'陈忱','13543310724','chen.chen@aicai.com','cn=chen.chen,ou=财务部,ou=中网彩,dc=aicai,dc=com','中网彩\\财务部'),(122,'fangqun.he',1412,'何芳群','13631586170','fangqun.he@aicai.com','cn=fangqun.he,ou=财务部,ou=中网彩,dc=aicai,dc=com','中网彩\\财务部'),(123,'fiona.deng',1328,'邓金凤','18938972346','fiona.deng@aicai.com','cn=fiona.deng,ou=财务部,ou=中网彩,dc=aicai,dc=com','中网彩\\财务部'),(124,'haoran.liu',1762,'刘颢然','18675526631','haoran.liu@aicai.com','cn=haoran.liu,ou=财务部,ou=中网彩,dc=aicai,dc=com','中网彩\\财务部'),(125,'huizi.qiu',1326,'邱惠子','13760256221','huizi.qiu@aicai.com','cn=huizi.qiu,ou=财务部,ou=中网彩,dc=aicai,dc=com','中网彩\\财务部'),(126,'jing.lin',1325,'林靖','18664327225','jing.lin@aicai.com','cn=jing.lin,ou=线下彩票中心,ou=中网彩,dc=aicai,dc=com','中网彩\\线下彩票中心'),(127,'lifang.he',1395,'何李芳','15820410455','lifang.he@aicai.com','cn=lifang.he,ou=财务部,ou=中网彩,dc=aicai,dc=com','中网彩\\财务部'),(128,'rong.zhou',1658,'周溶','13410385397','rong.zhou@aicai.com','cn=rong.zhou,ou=财务部,ou=中网彩,dc=aicai,dc=com','中网彩\\财务部'),(129,'ruifang.lin',1150,'林瑞芳','18938972349','ruifang.lin@aicai.com','cn=ruifang.lin,ou=财务部,ou=中网彩,dc=aicai,dc=com','中网彩\\财务部'),(130,'shuiyan.liu',1323,'刘水艳','13534208685','shuiyan.liu@aicai.com','cn=shuiyan.liu,ou=财务部,ou=中网彩,dc=aicai,dc=com','中网彩\\财务部'),(131,'suining.zhang',1905,'张穗宁','18520819290','suining.zhang@aicai.com','cn=suining.zhang,ou=财务部,ou=中网彩,dc=aicai,dc=com','中网彩\\财务部'),(132,'yanling.yan',1324,'颜艳玲','13510481270','yanling.yan@aicai.com','cn=yanling.yan,ou=财务部,ou=中网彩,dc=aicai,dc=com','中网彩\\财务部'),(133,'yanyun.he',1321,'何燕云','13058127234','yanyun.he@aicai.com','cn=yanyun.he,ou=财务部,ou=中网彩,dc=aicai,dc=com','中网彩\\财务部'),(134,'guanyu.luo',1186,'罗冠玉','18575532049','guanyu.luo@aicai.com','cn=guanyu.luo,ou=风控,ou=互联网金融项目中心,ou=中网彩,dc=aicai,dc=com','中网彩\\互联网金融项目中心\\风控'),(135,'kaihan.zhou',1710,'周开韩','18682183071','kaihan.zhou@aicai.com','cn=kaihan.zhou,ou=平台产品运营部,ou=线上彩票中心,ou=中网彩,dc=aicai,dc=com','中网彩\\线上彩票中心\\平台产品运营部'),(136,'lingxiang.li',1705,'李凌翔','13510294358','lingxiang.li@aicai.com','cn=lingxiang.li,ou=平台产品运营部,ou=线上彩票中心,ou=中网彩,dc=aicai,dc=com','中网彩\\线上彩票中心\\平台产品运营部'),(137,'aihua.tan',1913,'谭爱华','15112354289','aihua.tan@aicai.com','cn=aihua.tan,ou=产品,ou=互联网金融项目中心,ou=中网彩,dc=aicai,dc=com','中网彩\\互联网金融项目中心\\产品'),(138,'yixiang.lian',1698,'练异翔','18665318589','yixiang.lian@aicai.com','cn=yixiang.lian,ou=平台产品运营部,ou=线上彩票中心,ou=中网彩,dc=aicai,dc=com','中网彩\\线上彩票中心\\平台产品运营部'),(139,'lu.bai',1923,'白璐','13266736933','lu.bai@aicai.com','cn=lu.bai,ou=产品,ou=互联网金融项目中心,ou=中网彩,dc=aicai,dc=com','中网彩\\互联网金融项目中心\\产品'),(140,'ning.han',1429,'韩宁','13510266540','ning.han@aicai.com','cn=ning.han,ou=风控,ou=互联网金融项目中心,ou=中网彩,dc=aicai,dc=com','中网彩\\互联网金融项目中心\\风控'),(141,'ning.qin',1295,'秦宁','15012668096','ning.qin@aicai.com','cn=ning.qin,ou=平台产品运营部,ou=线上彩票中心,ou=中网彩,dc=aicai,dc=com','中网彩\\线上彩票中心\\平台产品运营部'),(142,'si.chen',1958,'陈斯','13570847393','si.chen@aicai.com','cn=si.chen,ou=基础运维部,ou=基础产品运营部,ou=线上彩票中心,ou=中网彩,dc=aicai,dc=com','中网彩\\线上彩票中心\\基础产品运营部\\基础运维部'),(143,'yibing.li',1959,'黎一丙','13422530307','yibing.li@aicai.com','cn=yibing.li,ou=管理系统开发部,ou=技术中心,ou=中网彩,dc=aicai,dc=com','中网彩\\技术中心\\管理系统开发部'),(144,'qian.wang',1966,'王倩','15220110169','qian.wang@aicai.com','cn=qian.wang,ou=人力资源部,ou=中网彩,dc=aicai,dc=com','中网彩\\人力资源部'),(145,'jiajia.yang',1968,'杨佳佳','13421800409','jiajia.yang@aicai.com','cn=jiajia.yang,ou=基础平台开发部,ou=技术中心,ou=中网彩,dc=aicai,dc=com','中网彩\\技术中心\\基础平台开发部'),(146,'wenji.chen',1974,'陈文吉','18718661447','wenji.chen@aicai.com','cn=wenji.chen,ou=管理系统开发部,ou=技术中心,ou=中网彩,dc=aicai,dc=com','中网彩\\技术中心\\管理系统开发部'),(147,'hailong.zhang',1980,'张海龙','13927415107','hailong.zhang@aicai.com','cn=hailong.zhang,ou=基础平台开发部,ou=技术中心,ou=中网彩,dc=aicai,dc=com','中网彩\\技术中心\\基础平台开发部'),(148,'ting.xiong',1981,'熊婷','18665939751','ting.xiong@aicai.com','cn=ting.xiong,ou=质控部,ou=技术中心,ou=中网彩,dc=aicai,dc=com','中网彩\\技术中心\\质控部'),(149,'shunzhi.zhou',1984,'周顺志','18826543229','shunzhi.zhou@aicai.com','cn=shunzhi.zhou,ou=系统运维组,ou=系统运维部,ou=技术中心,ou=中网彩,dc=aicai,dc=com','中网彩\\技术中心\\系统运维部\\系统运维组'),(150,'zhen.li',1988,'李真','13545576190','zhen.li@aicai.com','cn=zhen.li,ou=客服部,ou=服务中心,ou=中网彩,dc=aicai,dc=com','中网彩\\服务中心\\客服部'),(151,'xiangqian.jian',1991,'简向前','18500973301','xiangqian.jian@aicai.com','cn=xiangqian.jian,ou=管理系统开发部,ou=技术中心,ou=中网彩,dc=aicai,dc=com','中网彩\\技术中心\\管理系统开发部'),(152,'min.li',1992,'李慜','18126033336','min.li@aicai.com','cn=min.li,ou=渠道拓展组,ou=市场管理部,ou=线上彩票中心,ou=中网彩,dc=aicai,dc=com','中网彩\\线上彩票中心\\市场管理部\\渠道拓展组'),(153,'guanglin.qiu',1993,'邱广林','13590341576','guanglin.qiu@aicai.com','cn=guanglin.qiu,ou=设计部,ou=线上彩票中心,ou=中网彩,dc=aicai,dc=com','中网彩\\线上彩票中心\\设计部'),(154,'chengwu.feng',1091,'冯成武','15507586812','chengwu.feng@aicai.com','cn=chengwu.feng,ou=开发一部,ou=应用开发综合部,ou=技术中心,ou=中网彩,dc=aicai,dc=com','中网彩\\技术中心\\应用开发综合部\\开发一部'),(155,'jie.liu',1915,'刘杰','18566206173','jie.liu@aicai.com','cn=jie.liu,ou=Android开发组,ou=开发一部,ou=应用开发综合部,ou=技术中心,ou=中网彩,dc=aicai,dc=com','中网彩\\技术中心\\应用开发综合部\\开发一部\\Android开发组'),(156,'jun.zhang',1753,'张俊','13715047309','jun.zhang@aicai.com','cn=jun.zhang,ou=技术,ou=互联网金融项目中心,ou=中网彩,dc=aicai,dc=com','中网彩\\互联网金融项目中心\\技术'),(157,'junpeng.zhou',1931,'周俊鹏','18062132420','junpeng.zhou@aicai.com','cn=junpeng.zhou,ou=Android开发组,ou=开发一部,ou=应用开发综合部,ou=技术中心,ou=中网彩,dc=aicai,dc=com','中网彩\\技术中心\\应用开发综合部\\开发一部\\Android开发组'),(158,'wei1.zhong',1750,'钟维','13751081825','wei1.zhong@aicai.com','cn=wei1.zhong,ou=Android开发组,ou=开发一部,ou=应用开发综合部,ou=技术中心,ou=中网彩,dc=aicai,dc=com','中网彩\\技术中心\\应用开发综合部\\开发一部\\Android开发组'),(159,'yixin.liu',1752,'刘毅馨','13926523177','yixin.liu@aicai.com','cn=yixin.liu,ou=iOS开发组,ou=开发一部,ou=应用开发综合部,ou=技术中心,ou=中网彩,dc=aicai,dc=com','中网彩\\技术中心\\应用开发综合部\\开发一部\\iOS开发组'),(160,'anshu.wang',1978,'王桉树','13076950595','anshu.wang@aicai.com','cn=anshu.wang,ou=Android开发组,ou=开发一部,ou=应用开发综合部,ou=技术中心,ou=中网彩,dc=aicai,dc=com','中网彩\\技术中心\\应用开发综合部\\开发一部\\Android开发组'),(161,'jiabin.he',1749,'何嘉斌','13715245096','jiabin.he@aicai.com','cn=jiabin.he,ou=iOS开发组,ou=开发一部,ou=应用开发综合部,ou=技术中心,ou=中网彩,dc=aicai,dc=com','中网彩\\技术中心\\应用开发综合部\\开发一部\\iOS开发组'),(162,'lihui.han',1746,'韩立辉','13169935113','lihui.han@aicai.com','cn=lihui.han,ou=iOS开发组,ou=开发一部,ou=应用开发综合部,ou=技术中心,ou=中网彩,dc=aicai,dc=com','中网彩\\技术中心\\应用开发综合部\\开发一部\\iOS开发组'),(163,'mu.he',1928,'何牧','18938684156','mu.he@aicai.com','cn=mu.he,ou=技术,ou=互联网金融项目中心,ou=中网彩,dc=aicai,dc=com','中网彩\\互联网金融项目中心\\技术'),(164,'wenjie.zhang',1748,'张文杰','18927436329','wenjie.zhang@aicai.com','cn=wenjie.zhang,ou=iOS开发组,ou=开发一部,ou=应用开发综合部,ou=技术中心,ou=中网彩,dc=aicai,dc=com','中网彩\\技术中心\\应用开发综合部\\开发一部\\iOS开发组'),(165,'xiaoyu.chen',1916,'陈小雨','18665375038','xiaoyu.chen@aicai.com','cn=xiaoyu.chen,ou=iOS开发组,ou=开发一部,ou=应用开发综合部,ou=技术中心,ou=中网彩,dc=aicai,dc=com','中网彩\\技术中心\\应用开发综合部\\开发一部\\iOS开发组'),(166,'yun.chen',1745,'陈云','13670102498','yun.chen@aicai.com','cn=yun.chen,ou=iOS开发组,ou=开发一部,ou=应用开发综合部,ou=技术中心,ou=中网彩,dc=aicai,dc=com','中网彩\\技术中心\\应用开发综合部\\开发一部\\iOS开发组'),(167,'youhua.deng',1976,'邓友华','13534084739','youhua.deng@aicai.com','cn=youhua.deng,ou=技术,ou=互联网金融项目中心,ou=中网彩,dc=aicai,dc=com','中网彩\\互联网金融项目中心\\技术'),(168,'hongbo.lin',1982,'林宏波','13751011141','hongbo.lin@aicai.com','cn=hongbo.lin,ou=技术,ou=互联网金融项目中心,ou=中网彩,dc=aicai,dc=com','中网彩\\互联网金融项目中心\\技术'),(169,'huihui.cao',1736,'曹晖晖','18507557882','huihui.cao@aicai.com','cn=huihui.cao,ou=服务开发组,ou=开发一部,ou=应用开发综合部,ou=技术中心,ou=中网彩,dc=aicai,dc=com','中网彩\\技术中心\\应用开发综合部\\开发一部\\服务开发组'),(170,'bingxin.shi',1760,'石冰鑫','15012768909','bingxin.shi@aicai.com','cn=bingxin.shi,ou=服务开发组,ou=开发一部,ou=应用开发综合部,ou=技术中心,ou=中网彩,dc=aicai,dc=com','中网彩\\技术中心\\应用开发综合部\\开发一部\\服务开发组'),(171,'jiongming.huang',1759,'黄炯明','13823731694','jiongming.huang@aicai.com','cn=jiongming.huang,ou=服务开发组,ou=开发一部,ou=应用开发综合部,ou=技术中心,ou=中网彩,dc=aicai,dc=com','中网彩\\技术中心\\应用开发综合部\\开发一部\\服务开发组'),(172,'yijin.jiang',1758,'姜贻金','18688725156','yijin.jiang@aicai.com','cn=yijin.jiang,ou=服务开发组,ou=开发一部,ou=应用开发综合部,ou=技术中心,ou=中网彩,dc=aicai,dc=com','中网彩\\技术中心\\应用开发综合部\\开发一部\\服务开发组'),(173,'haitao.li',1740,'李海涛','13510113716','haitao.li@aicai.com','cn=haitao.li,ou=渠道开发组,ou=开发一部,ou=应用开发综合部,ou=技术中心,ou=中网彩,dc=aicai,dc=com','中网彩\\技术中心\\应用开发综合部\\开发一部\\渠道开发组'),(174,'ke.xiao',1741,'肖克','13632884629','ke.xiao@aicai.com','cn=ke.xiao,ou=渠道开发组,ou=开发一部,ou=应用开发综合部,ou=技术中心,ou=中网彩,dc=aicai,dc=com','中网彩\\技术中心\\应用开发综合部\\开发一部\\渠道开发组'),(175,'xiangpeng.chen',1899,'陈翔鹏','13631649675','xiangpeng.chen@aicai.com','cn=xiangpeng.chen,ou=渠道开发组,ou=开发一部,ou=应用开发综合部,ou=技术中心,ou=中网彩,dc=aicai,dc=com','中网彩\\技术中心\\应用开发综合部\\开发一部\\渠道开发组'),(176,'mingmei.xie',1043,'谢明媚','13428981004','mingmei.xie@aicai.com','cn=mingmei.xie,ou=技术,ou=互联网金融项目中心,ou=中网彩,dc=aicai,dc=com','中网彩\\互联网金融项目中心\\技术'),(177,'peng.liu',1908,'刘鹏','13613080902','peng.liu@aicai.com','cn=peng.liu,ou=技术,ou=互联网金融项目中心,ou=中网彩,dc=aicai,dc=com','中网彩\\互联网金融项目中心\\技术'),(178,'yu.he',1021,'何宇','15914041711','yu.he@aicai.com','cn=yu.he,ou=技术,ou=互联网金融项目中心,ou=中网彩,dc=aicai,dc=com','中网彩\\互联网金融项目中心\\技术'),(179,'xinghao.li',1919,'李兴豪','18826416700','xinghao.li@aicai.com','cn=xinghao.li,ou=技术,ou=互联网金融项目中心,ou=中网彩,dc=aicai,dc=com','中网彩\\互联网金融项目中心\\技术'),(180,'hailong.luo',1029,'罗海龙','13620927182','hailong.luo@aicai.com','cn=hailong.luo,ou=竞技彩开发组,ou=开发二部,ou=应用开发综合部,ou=技术中心,ou=中网彩,dc=aicai,dc=com','中网彩\\技术中心\\应用开发综合部\\开发二部\\竞技彩开发组'),(181,'xiang.li',1629,'李想','15889618461','xiang.li@aicai.com','cn=xiang.li,ou=竞技彩开发组,ou=开发二部,ou=应用开发综合部,ou=技术中心,ou=中网彩,dc=aicai,dc=com','中网彩\\技术中心\\应用开发综合部\\开发二部\\竞技彩开发组'),(182,'xiaolin.zhou',1025,'周小林','13714409684','xiaolin.zhou@aicai.com','cn=xiaolin.zhou,ou=竞技彩开发组,ou=开发二部,ou=应用开发综合部,ou=技术中心,ou=中网彩,dc=aicai,dc=com','中网彩\\技术中心\\应用开发综合部\\开发二部\\竞技彩开发组'),(183,'yumin.hu',1042,'胡育民','13128913266','yumin.hu@aicai.com','cn=yumin.hu,ou=竞技彩开发组,ou=开发二部,ou=应用开发综合部,ou=技术中心,ou=中网彩,dc=aicai,dc=com','中网彩\\技术中心\\应用开发综合部\\开发二部\\竞技彩开发组'),(184,'jing.wu',1690,'吴晶','18124005112','jing.wu@aicai.com','cn=jing.wu,ou=平台应用开发组,ou=开发二部,ou=应用开发综合部,ou=技术中心,ou=中网彩,dc=aicai,dc=com','中网彩\\技术中心\\应用开发综合部\\开发二部\\平台应用开发组'),(185,'xiaojun.zheng',1022,'郑小军','13427968038','xiaojun.zheng@aicai.com','cn=xiaojun.zheng,ou=平台应用开发组,ou=开发二部,ou=应用开发综合部,ou=技术中心,ou=中网彩,dc=aicai,dc=com','中网彩\\技术中心\\应用开发综合部\\开发二部\\平台应用开发组'),(186,'zhigao.yin',1903,'尹枝高','18823737543','zhigao.yin@aicai.com','cn=zhigao.yin,ou=平台应用开发组,ou=开发二部,ou=应用开发综合部,ou=技术中心,ou=中网彩,dc=aicai,dc=com','中网彩\\技术中心\\应用开发综合部\\开发二部\\平台应用开发组'),(187,'yingying.hu',1738,'胡迎迎','15118042036','yingying.hu@aicai.com','cn=yingying.hu,ou=平台应用开发组,ou=开发二部,ou=应用开发综合部,ou=技术中心,ou=中网彩,dc=aicai,dc=com','中网彩\\技术中心\\应用开发综合部\\开发二部\\平台应用开发组'),(188,'li.ma',1940,'马力','15874922431','li.ma@aicai.com','cn=li.ma,ou=iOS开发组,ou=开发一部,ou=应用开发综合部,ou=技术中心,ou=中网彩,dc=aicai,dc=com','中网彩\\技术中心\\应用开发综合部\\开发一部\\iOS开发组'),(189,'peng.liao',1901,'廖鹏','15768366260','peng.liao@aicai.com','cn=peng.liao,ou=内容互动开发组,ou=开发二部,ou=应用开发综合部,ou=技术中心,ou=中网彩,dc=aicai,dc=com','中网彩\\技术中心\\应用开发综合部\\开发二部\\内容互动开发组'),(190,'tingting.shen',1037,'申婷婷','13823686165','tingting.shen@aicai.com','cn=tingting.shen,ou=内容互动开发组,ou=开发二部,ou=应用开发综合部,ou=技术中心,ou=中网彩,dc=aicai,dc=com','中网彩\\技术中心\\应用开发综合部\\开发二部\\内容互动开发组'),(191,'xiaoqing.chen',1050,'陈晓庆','13537652389','xiaoqing.chen@aicai.com','cn=xiaoqing.chen,ou=技术,ou=互联网金融项目中心,ou=中网彩,dc=aicai,dc=com','中网彩\\互联网金融项目中心\\技术'),(192,'yuding.liao',1036,'廖宇定','18312348808','yuding.liao@aicai.com','cn=yuding.liao,ou=内容互动开发组,ou=开发二部,ou=应用开发综合部,ou=技术中心,ou=中网彩,dc=aicai,dc=com','中网彩\\技术中心\\应用开发综合部\\开发二部\\内容互动开发组'),(193,'yingfa.wang',1045,'王应发','18668017138','yingfa.wang@aicai.com','cn=yingfa.wang,ou=技术,ou=互联网金融项目中心,ou=中网彩,dc=aicai,dc=com','中网彩\\互联网金融项目中心\\技术'),(194,'haohao.chen',1641,'陈好好','18823825513','haohao.chen@aicai.com','cn=haohao.chen,ou=技术,ou=互联网金融项目中心,ou=中网彩,dc=aicai,dc=com','中网彩\\互联网金融项目中心\\技术'),(195,'jing.ming',1918,'明静','18320994375','jing.ming@aicai.com','cn=jing.ming,ou=运营活动开发组,ou=开发二部,ou=应用开发综合部,ou=技术中心,ou=中网彩,dc=aicai,dc=com','中网彩\\技术中心\\应用开发综合部\\开发二部\\运营活动开发组'),(196,'ming.chen',1049,'陈明','13554831927','ming.chen@aicai.com','cn=ming.chen,ou=运营活动开发组,ou=开发二部,ou=应用开发综合部,ou=技术中心,ou=中网彩,dc=aicai,dc=com','中网彩\\技术中心\\应用开发综合部\\开发二部\\运营活动开发组'),(197,'heng.luo',1900,'罗珩','13380340367','heng.luo@aicai.com','cn=heng.luo,ou=微彩票开发项目组,ou=开发二部,ou=应用开发综合部,ou=技术中心,ou=中网彩,dc=aicai,dc=com','中网彩\\技术中心\\应用开发综合部\\开发二部\\微彩票开发项目组'),(198,'conghui.shen',1020,'沈从辉','15018507466','conghui.shen@aicai.com','cn=conghui.shen,ou=应用开发综合部,ou=技术中心,ou=中网彩,dc=aicai,dc=com','中网彩\\技术中心\\应用开发综合部'),(199,'kaiyu.zhang',1997,'张凯宇','15915370240','kaiyu.zhang@aicai.com','cn=kaiyu.zhang,ou=运维开发组,ou=系统运维部,ou=技术中心,ou=中网彩,dc=aicai,dc=com','中网彩\\技术中心\\系统运维部\\运维开发组'),(200,'yu.liu',1998,'刘驭','15813893660','yu.liu@aicai.com','cn=yu.liu,ou=Android开发组,ou=开发一部,ou=应用开发综合部,ou=技术中心,ou=中网彩,dc=aicai,dc=com','中网彩\\技术中心\\应用开发综合部\\开发一部\\Android开发组'),(201,'longfei.he',1999,'贺龙飞','18926430665','longfei.he@aicai.com','cn=longfei.he,ou=质控部,ou=技术中心,ou=中网彩,dc=aicai,dc=com','中网彩\\技术中心\\质控部'),(202,'xiaoqing.he',2004,'何小青','18171500202','xiaoqing.he@aicai.com','cn=xiaoqing.he,ou=质控部,ou=技术中心,ou=中网彩,dc=aicai,dc=com','中网彩\\技术中心\\质控部'),(203,'heng.liu',2007,'刘恒','13017045733','heng.liu@aicai.com','cn=heng.liu,ou=Android开发组,ou=开发一部,ou=应用开发综合部,ou=技术中心,ou=中网彩,dc=aicai,dc=com','中网彩\\技术中心\\应用开发综合部\\开发一部\\Android开发组'),(204,'xiaojia.rui',2009,'芮晓佳','13590205457','xiaojia.rui@aicai.com','cn=xiaojia.rui,ou=Android开发组,ou=开发一部,ou=应用开发综合部,ou=技术中心,ou=中网彩,dc=aicai,dc=com','中网彩\\技术中心\\应用开发综合部\\开发一部\\Android开发组'),(205,'di.deng',2011,'邓迪','18823732602','di.deng@aicai.com','cn=di.deng,ou=平台产品运营部,ou=线上彩票中心,ou=中网彩,dc=aicai,dc=com','中网彩\\线上彩票中心\\平台产品运营部'),(206,'yin.hu',2012,'胡银','18571656067','yin.hu@aicai.com','cn=yin.hu,ou=技术,ou=互联网金融项目中心,ou=中网彩,dc=aicai,dc=com','中网彩\\互联网金融项目中心\\技术'),(207,'dechen.zhang',2018,'张德琛','13425179223','dechen.zhang@aicai.com','cn=dechen.zhang,ou=风控,ou=互联网金融项目中心,ou=中网彩,dc=aicai,dc=com','中网彩\\互联网金融项目中心\\风控'),(208,'zhaoyong.xie',2020,'谢昭勇','15814449856','zhaoyong.xie@aicai.com','cn=zhaoyong.xie,ou=平台产品运营部,ou=线上彩票中心,ou=中网彩,dc=aicai,dc=com','中网彩\\线上彩票中心\\平台产品运营部'),(209,'liang.wei',2022,'魏亮','15927231774','liang.wei@aicai.com','cn=liang.wei,ou=产品,ou=互联网金融项目中心,ou=中网彩,dc=aicai,dc=com','中网彩\\互联网金融项目中心\\产品'),(210,'linhai.zhao',2023,'赵林海','13424308701','linhai.zhao@aicai.com','cn=linhai.zhao,ou=线下彩票中心,ou=中网彩,dc=aicai,dc=com','中网彩\\线下彩票中心'),(211,'shuxin.xu',2024,'徐淑欣','13163228330','shuxin.xu@aicai.com','cn=shuxin.xu,ou=设计部,ou=线上彩票中心,ou=中网彩,dc=aicai,dc=com','中网彩\\线上彩票中心\\设计部'),(212,'xinglin.cai',2025,'蔡兴林','13590334582','xinglin.cai@aicai.com','cn=xinglin.cai,ou=产品,ou=互联网金融项目中心,ou=中网彩,dc=aicai,dc=com','中网彩\\互联网金融项目中心\\产品'),(213,'lu.song',2026,'宋璐','15013639931','lu.song@aicai.com','cn=lu.song,ou=产品,ou=互联网金融项目中心,ou=中网彩,dc=aicai,dc=com','中网彩\\互联网金融项目中心\\产品'),(214,'guoxuanmian.liu',2027,'刘郭轩冕 ','18623326145','guoxuanmian.liu@aicai.com','cn=guoxuanmian.liu,ou=风控,ou=互联网金融项目中心,ou=中网彩,dc=aicai,dc=com','中网彩\\互联网金融项目中心\\风控'),(215,'lei.cheng',2028,'程磊','13924659184','lei.cheng@aicai.com','cn=lei.cheng,ou=技术,ou=互联网金融项目中心,ou=中网彩,dc=aicai,dc=com','中网彩\\互联网金融项目中心\\技术'),(216,'liu.luo',2029,'罗榴 ','13266825295','liu.luo@aicai.com','cn=liu.luo,ou=线下彩票中心,ou=中网彩,dc=aicai,dc=com','中网彩\\线下彩票中心'),(217,'tao.hu',2030,'胡涛','15574331041','tao.hu@aicai.com','cn=tao.hu,ou=基础平台开发部,ou=技术中心,ou=中网彩,dc=aicai,dc=com','中网彩\\技术中心\\基础平台开发部'),(218,'jiaqi.zhu',2033,'朱家齐','13751111305','jiaqi.zhu@aicai.com','cn=jiaqi.zhu,ou=线下彩票中心,ou=中网彩,dc=aicai,dc=com','中网彩\\线下彩票中心'),(219,'mingzhong.zhou',2034,'周明中','15625298071','mingzhong.zhou@aicai.com','cn=mingzhong.zhou,ou=iOS开发组,ou=开发一部,ou=应用开发综合部,ou=技术中心,ou=中网彩,dc=aicai,dc=com','中网彩\\技术中心\\应用开发综合部\\开发一部\\iOS开发组'),(220,'ting.wu',2035,'吴婷','15606538910','ting.wu@aicai.com','cn=ting.wu,ou=线下彩票中心,ou=中网彩,dc=aicai,dc=com','中网彩\\线下彩票中心'),(221,'wenbo.liu',2036,'刘文博','15927024129','wenbo.liu@aicai.com','cn=wenbo.liu,ou=设计部,ou=线上彩票中心,ou=中网彩,dc=aicai,dc=com','中网彩\\线上彩票中心\\设计部'),(222,'wei.xia',2037,'夏薇','13924673677','wei.xia@aicai.com','cn=wei.xia,ou=质控部,ou=技术中心,ou=中网彩,dc=aicai,dc=com','中网彩\\技术中心\\质控部'),(223,'qifei.li',2038,'李琪飞','18706708079','qifei.li@aicai.com','cn=qifei.li,ou=质控部,ou=技术中心,ou=中网彩,dc=aicai,dc=com','中网彩\\技术中心\\质控部'),(224,'liubing.li',2039,'李柳冰','13480842783','liubing.li@aicai.com','cn=liubing.li,ou=设计部,ou=线上彩票中心,ou=中网彩,dc=aicai,dc=com','中网彩\\线上彩票中心\\设计部'),(225,'xiaoli.cai',2041,'蔡晓丽','18825112154','xiaoli.cai@aicai.com','cn=xiaoli.cai,ou=质控部,ou=技术中心,ou=中网彩,dc=aicai,dc=com','中网彩\\技术中心\\质控部'),(226,'yang.chen',2042,'陈杨','13628317667','yang.chen@aicai.com','cn=yang.chen,ou=线下彩票中心,ou=中网彩,dc=aicai,dc=com','中网彩\\线下彩票中心'),(227,'yuchi.zhao',2043,'赵宇驰','13537579251','yuchi.zhao@aicai.com','cn=yuchi.zhao,ou=业务产品运营部,ou=线上彩票中心,ou=中网彩,dc=aicai,dc=com','中网彩\\线上彩票中心\\业务产品运营部'),(228,'libin.zhao',2044,'赵立斌','13590283033','libin.zhao@aicai.com','cn=libin.zhao,ou=产品,ou=互联网金融项目中心,ou=中网彩,dc=aicai,dc=com','中网彩\\互联网金融项目中心\\产品'),(229,'chenyi.li',2045,'李晨毅','18926089729','chenyi.li@aicai.com','cn=chenyi.li,ou=产品,ou=互联网金融项目中心,ou=中网彩,dc=aicai,dc=com','中网彩\\互联网金融项目中心\\产品'),(230,'wei.wang',2046,'王伟','18818541103','wei.wang@aicai.com','cn=wei.wang,ou=iOS开发组,ou=开发一部,ou=应用开发综合部,ou=技术中心,ou=中网彩,dc=aicai,dc=com','中网彩\\技术中心\\应用开发综合部\\开发一部\\iOS开发组');
/*!40000 ALTER TABLE `users` ENABLE KEYS */;
UNLOCK TABLES;

--
-- Table structure for table `users_role`
--

DROP TABLE IF EXISTS `users_role`;
/*!40101 SET @saved_cs_client     = @@character_set_client */;
/*!40101 SET character_set_client = utf8 */;
CREATE TABLE `users_role` (
  `id` int(11) NOT NULL AUTO_INCREMENT,
  `uid` varchar(20) DEFAULT NULL,
  `account` varchar(20) DEFAULT NULL,
  `username` varchar(40) DEFAULT NULL,
  `role_id` int(11) DEFAULT NULL,
  `last_login_time` datetime DEFAULT NULL,
  `last_login_ip` varchar(40) DEFAULT NULL,
  PRIMARY KEY (`id`)
) ENGINE=MyISAM AUTO_INCREMENT=231 DEFAULT CHARSET=utf8;
/*!40101 SET character_set_client = @saved_cs_client */;

--
-- Dumping data for table `users_role`
--

LOCK TABLES `users_role` WRITE;
/*!40000 ALTER TABLE `users_role` DISABLE KEYS */;
INSERT INTO `users_role` VALUES (1,'1947','pigang.cheng','程丕钢',1,NULL,NULL),(2,'1253','lifeng.luo','罗立锋',1,NULL,NULL),(3,'1921','weihong.ye','叶伟红',1,NULL,NULL),(4,'1248','xingpei.ding','丁兴培',1,NULL,NULL),(5,'1932','rui.cui','崔瑞',1,NULL,NULL),(6,'1714','shen.li','李深',1,NULL,NULL),(7,'1895','yaxi.song','宋亚希',1,NULL,NULL),(8,'1939','ye.yuan','袁野',1,NULL,NULL),(9,'1164','yisheng.chen','陈义生',1,NULL,NULL),(10,'1268','dandan.sun','孙丹丹',1,NULL,NULL),(11,'1290','enqi.liu','刘恩奇',1,NULL,NULL),(12,'1655','guangyun.lin','林光运',1,NULL,NULL),(13,'1264','hui.su','苏辉',1,NULL,NULL),(14,'1263','huihuang.li','李辉煌',1,NULL,NULL),(15,'1178','kai.gao','高凯',1,NULL,NULL),(16,'1400','longfeng.yang','杨龙凤',1,NULL,NULL),(17,'1183','na.zou','邹娜',1,NULL,NULL),(18,'1265','penghui.li','李鹏辉',1,NULL,NULL),(19,'1273','wei.huang','黄伟',1,NULL,NULL),(20,'1927','xianxian.wu','巫贤贤',1,NULL,NULL),(21,'1410','xiaoyan.cheng','程小燕',1,NULL,NULL),(22,'1731','yidong.gao','高奕东',1,NULL,NULL),(23,'1300','chengbin.xu','许承滨',1,NULL,NULL),(24,'1297','fuchun.wang','王富春',1,NULL,NULL),(25,'1292','guocan.liang','梁国灿',1,NULL,NULL),(26,'1289','guopeng.cai','蔡国鹏',1,NULL,NULL),(27,'1291','haifan.huang','黄海帆',1,NULL,NULL),(28,'1619','hongfei.zhang','张宏飞',1,NULL,NULL),(29,'1827','jingxian.zeng','曾敬贤',1,NULL,NULL),(30,'1912','li.kong','孔理',1,NULL,NULL),(31,'1287','qiliang.zeng','曾启良',1,NULL,NULL),(32,'1296','shunjiang.tong','童顺江',1,NULL,NULL),(33,'1303','wenqiang.zhao','赵文强',1,NULL,NULL),(34,'1283','dongxu.lin','林东旭',1,NULL,NULL),(35,'1281','fangyong.zhang','张方勇',1,NULL,NULL),(36,'1519','jianhui.zhou','周剑辉',1,NULL,NULL),(37,'1954','yan.ouyang','欧阳燕',1,NULL,NULL),(38,'1407','chenjun.zhao','赵晨君',1,NULL,NULL),(39,'1390','fang.fang','方芳',1,NULL,NULL),(40,'1643','senhao.fang','方森浩',1,NULL,NULL),(41,'1617','peng.wu','吴鹏',1,NULL,NULL),(42,'1254','baofeng.wang','王宝峰',1,NULL,NULL),(43,'1381','ge.xu','许戈',1,NULL,NULL),(44,'1384','min.jiang','蒋敏',1,NULL,NULL),(45,'1383','wei.li','李巍',1,NULL,NULL),(46,'1100','wellpha.wu','吴未发',1,NULL,NULL),(47,'1111','feng.zhou','周锋',1,NULL,NULL),(48,'1114','yanqin.tan','谭燕勤',1,NULL,NULL),(49,'1743','bo.zhang','张波',1,NULL,NULL),(50,'1440','gaoyu.cui','崔高宇',1,NULL,NULL),(51,'1082','nianping.duan','段年平',1,NULL,NULL),(52,'1062','wenwu.yang','杨文武',1,NULL,NULL),(53,'1060','xiong.fu','符雄',3,NULL,NULL),(54,'1071','liang.zhu','朱亮',1,NULL,NULL),(55,'1070','xianzhu.peng','彭宪著',3,NULL,NULL),(56,'1000','xuki.xu','许靖',1,'2016-07-06 16:03:36','192.168.66.228'),(57,'1885','xiaodi.yang','杨孝缔',1,NULL,NULL),(58,'1009','chengbin.lin','林承斌',1,NULL,NULL),(59,'1006','hui.li','李辉',1,NULL,NULL),(60,'1004','shihua.wu','吴世华',1,NULL,NULL),(61,'1003','zhiyu.huang','黄稚禹',1,NULL,NULL),(62,'1008','hongliang.gao','高宏亮',1,NULL,NULL),(63,'1002','huan.xia','夏欢',1,NULL,NULL),(64,'1823','manbo.xu','许满柏',3,'2016-07-07 16:29:29','192.168.66.66'),(65,'1001','ruiting.huang','黄锐亭',1,NULL,NULL),(66,'1101','dachuan.ma','马大川',1,NULL,NULL),(67,'1109','dandan.zeng','曾丹丹',1,NULL,NULL),(68,'1104','li.liu','刘丽',1,NULL,NULL),(69,'1110','lixian.cai','蔡枥贤',1,NULL,NULL),(70,'1103','na.yu','余娜',1,NULL,NULL),(71,'1108','qianqian.zhu','朱倩倩',1,NULL,NULL),(72,'1106','qiao.ling','凌巧',1,NULL,NULL),(73,'1102','xuhua.fu','符旭华',1,NULL,NULL),(74,'1914','yang.xi','席杨',1,NULL,NULL),(75,'1107','yuan.yao','姚园',1,NULL,NULL),(76,'1274','baohua.zhang','张宝华',1,NULL,NULL),(77,'1129','shimin.pan','潘诗敏',1,NULL,NULL),(78,'1406','ting.yang','杨婷',1,NULL,NULL),(79,'1162','yong.yang','杨勇',1,NULL,NULL),(80,'1206','bingyan.she','佘冰燕',1,NULL,NULL),(81,'1220','guocheng.li','李国成',1,NULL,NULL),(82,'1208','han.yuan','袁涵',1,NULL,NULL),(83,'1868','kaili.chen','陈凯丽',1,NULL,NULL),(84,'1892','lanping.yang','杨兰萍',1,NULL,NULL),(85,'1644','lihong.shen','沈立鸿',1,NULL,NULL),(86,'1210','qin.cai','蔡琴',1,NULL,NULL),(87,'1228','senlin.wang','王森林',1,NULL,NULL),(88,'1952','tingting.zhang','张婷婷',1,NULL,NULL),(89,'1232','xia.zhang','张霞',1,NULL,NULL),(90,'1983','xiaoling.cheng','程小玲',1,NULL,NULL),(91,'1233','xin.zhou','周新',1,NULL,NULL),(92,'1825','xingxing.mao','毛兴星',1,NULL,NULL),(93,'1226','xueqin.tan','谭雪芹',1,NULL,NULL),(94,'1209','yan.gong','宫焱',1,NULL,NULL),(95,'1820','yanping.guo','郭艳平',1,NULL,NULL),(96,'1231','ying.yang','杨瑛',1,NULL,NULL),(97,'1216','yingxia.he','何瑛霞',1,NULL,NULL),(98,'1217','yu.huang','黄瑜',1,NULL,NULL),(99,'1949','jingying.wang','王晶莹',1,NULL,NULL),(100,'1937','rongrong.he','何蓉蓉',1,NULL,NULL),(101,'1203','shixin.li','李施新',1,NULL,NULL),(102,'1943','yang.li','李杨',1,NULL,NULL),(103,'1659','xiayue.feng','冯夏月',1,NULL,NULL),(104,'1955','fan.xu','徐凡',1,NULL,NULL),(105,'1177','li.tang','汤莉',1,NULL,NULL),(106,'1647','lu.jing','景璐',1,NULL,NULL),(107,'1284','shibo.cui','崔士波',1,NULL,NULL),(108,'1370','jing.zhang','张晶',1,NULL,NULL),(109,'1356','fangjie.xiao','肖方杰',1,NULL,NULL),(110,'1355','guoxian.xu','许国先',1,NULL,NULL),(111,'1365','jing.zhou','周靓',1,NULL,NULL),(112,'1354','rulin.zhang','张儒林',1,NULL,NULL),(113,'1361','yanyan.wu','吴艳艳',1,NULL,NULL),(114,'1376','bina.chen','陈碧娜',1,NULL,NULL),(115,'1902','chuanlu.liufu','刘付川芦',1,NULL,NULL),(116,'1371','qian.cheng','程倩',1,NULL,NULL),(117,'1888','suirong.qiu','邱遂榕',1,NULL,NULL),(118,'1374','yang.wang','王洋',1,NULL,NULL),(119,'1375','yu1.he','何瑜',1,NULL,NULL),(120,'1377','yuan.liu','刘院',1,NULL,NULL),(121,'1151','chen.chen','陈忱',1,NULL,NULL),(122,'1412','fangqun.he','何芳群',1,NULL,NULL),(123,'1328','fiona.deng','邓金凤',1,NULL,NULL),(124,'1762','haoran.liu','刘颢然',1,NULL,NULL),(125,'1326','huizi.qiu','邱惠子',1,NULL,NULL),(126,'1325','jing.lin','林靖',1,NULL,NULL),(127,'1395','lifang.he','何李芳',1,NULL,NULL),(128,'1658','rong.zhou','周溶',1,NULL,NULL),(129,'1150','ruifang.lin','林瑞芳',1,NULL,NULL),(130,'1323','shuiyan.liu','刘水艳',1,NULL,NULL),(131,'1905','suining.zhang','张穗宁',1,NULL,NULL),(132,'1324','yanling.yan','颜艳玲',1,NULL,NULL),(133,'1321','yanyun.he','何燕云',1,NULL,NULL),(134,'1186','guanyu.luo','罗冠玉',1,NULL,NULL),(135,'1710','kaihan.zhou','周开韩',1,NULL,NULL),(136,'1705','lingxiang.li','李凌翔',1,NULL,NULL),(137,'1913','aihua.tan','谭爱华',1,NULL,NULL),(138,'1698','yixiang.lian','练异翔',1,NULL,NULL),(139,'1923','lu.bai','白璐',1,NULL,NULL),(140,'1429','ning.han','韩宁',1,NULL,NULL),(141,'1295','ning.qin','秦宁',1,NULL,NULL),(142,'1958','si.chen','陈斯',1,NULL,NULL),(143,'1959','yibing.li','黎一丙',1,NULL,NULL),(144,'1966','qian.wang','王倩',1,NULL,NULL),(145,'1968','jiajia.yang','杨佳佳',1,NULL,NULL),(146,'1974','wenji.chen','陈文吉',1,NULL,NULL),(147,'1980','hailong.zhang','张海龙',1,NULL,NULL),(148,'1981','ting.xiong','熊婷',1,NULL,NULL),(149,'1984','shunzhi.zhou','周顺志',3,NULL,NULL),(150,'1988','zhen.li','李真',1,NULL,NULL),(151,'1991','xiangqian.jian','简向前',1,NULL,NULL),(152,'1992','min.li','李慜',1,NULL,NULL),(153,'1993','guanglin.qiu','邱广林',1,NULL,NULL),(154,'1091','chengwu.feng','冯成武',1,NULL,NULL),(155,'1915','jie.liu','刘杰',1,NULL,NULL),(156,'1753','jun.zhang','张俊',1,NULL,NULL),(157,'1931','junpeng.zhou','周俊鹏',1,NULL,NULL),(158,'1750','wei1.zhong','钟维',1,NULL,NULL),(159,'1752','yixin.liu','刘毅馨',1,NULL,NULL),(160,'1978','anshu.wang','王桉树',1,NULL,NULL),(161,'1749','jiabin.he','何嘉斌',1,NULL,NULL),(162,'1746','lihui.han','韩立辉',1,NULL,NULL),(163,'1928','mu.he','何牧',1,NULL,NULL),(164,'1748','wenjie.zhang','张文杰',1,NULL,NULL),(165,'1916','xiaoyu.chen','陈小雨',1,NULL,NULL),(166,'1745','yun.chen','陈云',1,NULL,NULL),(167,'1976','youhua.deng','邓友华',1,NULL,NULL),(168,'1982','hongbo.lin','林宏波',1,NULL,NULL),(169,'1736','huihui.cao','曹晖晖',1,NULL,NULL),(170,'1760','bingxin.shi','石冰鑫',1,NULL,NULL),(171,'1759','jiongming.huang','黄炯明',1,NULL,NULL),(172,'1758','yijin.jiang','姜贻金',1,NULL,NULL),(173,'1740','haitao.li','李海涛',1,NULL,NULL),(174,'1741','ke.xiao','肖克',1,NULL,NULL),(175,'1899','xiangpeng.chen','陈翔鹏',1,NULL,NULL),(176,'1043','mingmei.xie','谢明媚',3,NULL,NULL),(177,'1908','peng.liu','刘鹏',1,NULL,NULL),(178,'1021','yu.he','何宇',1,NULL,NULL),(179,'1919','xinghao.li','李兴豪',1,NULL,NULL),(180,'1029','hailong.luo','罗海龙',1,NULL,NULL),(181,'1629','xiang.li','李想',1,NULL,NULL),(182,'1025','xiaolin.zhou','周小林',1,NULL,NULL),(183,'1042','yumin.hu','胡育民',1,NULL,NULL),(184,'1690','jing.wu','吴晶',1,NULL,NULL),(185,'1022','xiaojun.zheng','郑小军',1,NULL,NULL),(186,'1903','zhigao.yin','尹枝高',1,'2016-06-14 15:10:36','192.168.66.103'),(187,'1738','yingying.hu','胡迎迎',1,NULL,NULL),(188,'1940','li.ma','马力',1,NULL,NULL),(189,'1901','peng.liao','廖鹏',1,NULL,NULL),(190,'1037','tingting.shen','申婷婷',1,NULL,NULL),(191,'1050','xiaoqing.chen','陈晓庆',1,NULL,NULL),(192,'1036','yuding.liao','廖宇定',1,NULL,NULL),(193,'1045','yingfa.wang','王应发',1,NULL,NULL),(194,'1641','haohao.chen','陈好好',1,'2016-06-14 14:44:37','192.168.67.32'),(195,'1918','jing.ming','明静',1,NULL,NULL),(196,'1049','ming.chen','陈明',1,NULL,NULL),(197,'1900','heng.luo','罗珩',1,NULL,NULL),(198,'1020','conghui.shen','沈从辉',1,NULL,NULL),(199,'1997','kaiyu.zhang','张凯宇',1,NULL,NULL),(200,'1998','yu.liu','刘驭',1,NULL,NULL),(201,'1999','longfei.he','贺龙飞',1,NULL,NULL),(202,'2004','xiaoqing.he','何小青',1,NULL,NULL),(203,'2007','heng.liu','刘恒',1,NULL,NULL),(204,'2009','xiaojia.rui','芮晓佳',1,NULL,NULL),(205,'2011','di.deng','邓迪',1,NULL,NULL),(206,'2012','yin.hu','胡银',1,NULL,NULL),(207,'2018','dechen.zhang','张德琛',1,NULL,NULL),(208,'2020','zhaoyong.xie','谢昭勇',1,NULL,NULL),(209,'2022','liang.wei','魏亮',1,NULL,NULL),(210,'2023','linhai.zhao','赵林海',1,NULL,NULL),(211,'2024','shuxin.xu','徐淑欣',1,NULL,NULL),(212,'2025','xinglin.cai','蔡兴林',1,NULL,NULL),(213,'2026','lu.song','宋璐',1,NULL,NULL),(214,'2027','guoxuanmian.liu','刘郭轩冕 ',1,NULL,NULL),(215,'2028','lei.cheng','程磊',1,NULL,NULL),(216,'2029','liu.luo','罗榴 ',1,NULL,NULL),(217,'2030','tao.hu','胡涛',1,NULL,NULL),(218,'2033','jiaqi.zhu','朱家齐',1,NULL,NULL),(219,'2034','mingzhong.zhou','周明中',1,NULL,NULL),(220,'2035','ting.wu','吴婷',1,NULL,NULL),(221,'2036','wenbo.liu','刘文博',1,NULL,NULL),(222,'2037','wei.xia','夏薇',1,NULL,NULL),(223,'2038','qifei.li','李琪飞',1,NULL,NULL),(224,'2039','liubing.li','李柳冰',1,NULL,NULL),(225,'2041','xiaoli.cai','蔡晓丽',1,NULL,NULL),(226,'2042','yang.chen','陈杨',1,NULL,NULL),(227,'2043','yuchi.zhao','赵宇驰',1,NULL,NULL),(228,'2044','libin.zhao','赵立斌',1,NULL,NULL),(229,'2045','chenyi.li','李晨毅',1,NULL,NULL),(230,'2046','wei.wang','王伟',1,NULL,NULL);
/*!40000 ALTER TABLE `users_role` ENABLE KEYS */;
UNLOCK TABLES;
/*!40103 SET TIME_ZONE=@OLD_TIME_ZONE */;

/*!40101 SET SQL_MODE=@OLD_SQL_MODE */;
/*!40014 SET FOREIGN_KEY_CHECKS=@OLD_FOREIGN_KEY_CHECKS */;
/*!40014 SET UNIQUE_CHECKS=@OLD_UNIQUE_CHECKS */;
/*!40101 SET CHARACTER_SET_CLIENT=@OLD_CHARACTER_SET_CLIENT */;
/*!40101 SET CHARACTER_SET_RESULTS=@OLD_CHARACTER_SET_RESULTS */;
/*!40101 SET COLLATION_CONNECTION=@OLD_COLLATION_CONNECTION */;
/*!40111 SET SQL_NOTES=@OLD_SQL_NOTES */;

-- Dump completed on 2016-07-07 18:00:45
